{"Itbt": 0, "Pace": 600000, "Depth": 23, "Degree": 2, "RPSTime": 133.913, "FBBTTime": 0, "OBBTTime": 0, "TotalTime": 600.013, "Iterations": 203372, "LinearTime": 465.145, "LowerBound": 0, "TimeVector": [], "UpperBound": 2.15826, "rootBTTime": 0, "LowerBounds": {}, "SolveResult": 402, "UpperBounds": {}, "MaxQueueSize": 129844, "NumberOfSOCC": 0, "VisitedNodes": 406745, "NonLinearTime": 0.918896, "OptimalityGap": 2.15826, "FBBTIterations": 0, "FirstLowerBound": 0, "InfeasibleNodes": 73358, "IntNonLinearTime": 0, "LinearSolvingTime": 275.334, "LinearizationTime": 0.00109853, "NumberOfVariables": 18, "CallsToLinearSolver": 406745, "DegreeReductionTime": 0, "FBBTPreparationTime": 0, "FirstNodeIterations": 42, "NumberOfConstraints": 54, "FirstNodeSolvingTime": 0.00441099, "LinearGenerationTime": 155.064, "MosekLicenseNotFound": 0, "GurobiLicenseNotFound": 0, "KnitroLicenseNotFound": 0, "SDPCutsGenerationTime": 0, "finishedBeforeReading": 0, "CallsToNonLinearSolver": 21, "NumberOfRLTSolvedNodes": 406745, "NumberOfSDPConstraints": 0, "NumberOfSDPSolvedNodes": 0, "NumberOfSOCPSolvedNodes": 0, "PercentageOfBindingSOCC": 0, "LinearPostProcessingTime": 15.1274, "CallsToNonLinearSolverInt": 0, "LinearSolvingTimeBySolver": 255.269, "NodesDiscardedByFathoming": 0, "NodesDiscardedByTolerance": 171, "finishedBeforeLinearizing": 0, "BoundFactorConstraintsTime": 66.5584, "meanBTRelativeChangeRootNode": 0, "NumberOfChangesFromConicToRLT": 0, "NumberOfBoundFactorConstraints": 214, "PercentageOfOBBTSolvedProblems": 0, "NumberOfLAPACKConvergenceFailures": 0, "PercentageOfBindingSDPConstraints": 0, "NumberOfRLTVariablesAfterLinearization": 57}