{"Itbt": 0, "Pace": 599972, "Depth": 19, "Degree": 2, "RPSTime": 101.311, "FBBTTime": 0, "OBBTTime": 0, "TotalTime": 599.972, "Iterations": 76991, "LinearTime": 497.078, "LowerBound": 0, "TimeVector": [], "UpperBound": 2.84872, "rootBTTime": 0, "LowerBounds": {}, "SolveResult": 402, "UpperBounds": {}, "MaxQueueSize": 44105, "NumberOfSOCC": 0, "VisitedNodes": 153983, "NonLinearTime": 1.56129, "OptimalityGap": 2.84872, "FBBTIterations": 0, "FirstLowerBound": 0, "InfeasibleNodes": 32887, "IntNonLinearTime": 0, "LinearSolvingTime": 334.048, "LinearizationTime": 0.00488754, "NumberOfVariables": 158, "CallsToLinearSolver": 153983, "DegreeReductionTime": 0, "FBBTPreparationTime": 0, "FirstNodeIterations": 125, "NumberOfConstraints": 174, "FirstNodeSolvingTime": 0.00629449, "LinearGenerationTime": 132.994, "MosekLicenseNotFound": 0, "GurobiLicenseNotFound": 0, "KnitroLicenseNotFound": 0, "SDPCutsGenerationTime": 0, "finishedBeforeReading": 0, "CallsToNonLinearSolver": 20, "NumberOfRLTSolvedNodes": 153983, "NumberOfSDPConstraints": 0, "NumberOfSDPSolvedNodes": 0, "NumberOfSOCPSolvedNodes": 0, "PercentageOfBindingSOCC": 0, "LinearPostProcessingTime": 14.9317, "CallsToNonLinearSolverInt": 0, "LinearSolvingTimeBySolver": 322.172, "NodesDiscardedByFathoming": 0, "NodesDiscardedByTolerance": 0, "finishedBeforeLinearizing": 0, "BoundFactorConstraintsTime": 56.0819, "meanBTRelativeChangeRootNode": 0, "NumberOfChangesFromConicToRLT": 0, "NumberOfBoundFactorConstraints": 434, "PercentageOfOBBTSolvedProblems": 0, "NumberOfLAPACKConvergenceFailures": 0, "PercentageOfBindingSDPConstraints": 0, "NumberOfRLTVariablesAfterLinearization": 111}