{"Itbt": 0, "Pace": 600000, "Depth": 19, "Degree": 2, "RPSTime": 141.84, "FBBTTime": 0, "OBBTTime": 0, "TotalTime": 600.006, "Iterations": 173382, "LinearTime": 457.149, "LowerBound": 0, "TimeVector": [], "UpperBound": 2.91461, "rootBTTime": 0, "LowerBounds": {}, "SolveResult": 402, "UpperBounds": {}, "MaxQueueSize": 144980, "NumberOfSOCC": 0, "VisitedNodes": 346765, "NonLinearTime": 0.983055, "OptimalityGap": 2.91461, "FBBTIterations": 0, "FirstLowerBound": 0, "InfeasibleNodes": 17053, "IntNonLinearTime": 0, "LinearSolvingTime": 255.687, "LinearizationTime": 0.00179371, "NumberOfVariables": 20, "CallsToLinearSolver": 346765, "DegreeReductionTime": 0, "FBBTPreparationTime": 0, "FirstNodeIterations": 70, "NumberOfConstraints": 63, "FirstNodeSolvingTime": 0.00540867, "LinearGenerationTime": 162.011, "MosekLicenseNotFound": 0, "GurobiLicenseNotFound": 0, "KnitroLicenseNotFound": 0, "SDPCutsGenerationTime": 0, "finishedBeforeReading": 0, "CallsToNonLinearSolver": 21, "NumberOfRLTSolvedNodes": 346765, "NumberOfSDPConstraints": 0, "NumberOfSDPSolvedNodes": 0, "NumberOfSOCPSolvedNodes": 0, "PercentageOfBindingSOCC": 0, "LinearPostProcessingTime": 18.3807, "CallsToNonLinearSolverInt": 0, "LinearSolvingTimeBySolver": 237.593, "NodesDiscardedByFathoming": 0, "NodesDiscardedByTolerance": 11350, "finishedBeforeLinearizing": 0, "BoundFactorConstraintsTime": 77.9025, "meanBTRelativeChangeRootNode": 0, "NumberOfChangesFromConicToRLT": 0, "NumberOfBoundFactorConstraints": 276, "PercentageOfOBBTSolvedProblems": 0, "NumberOfLAPACKConvergenceFailures": 0, "PercentageOfBindingSDPConstraints": 0, "NumberOfRLTVariablesAfterLinearization": 73}