{"Itbt": 0, "Pace": 598466, "Depth": 14, "Degree": 2, "RPSTime": 105.184, "FBBTTime": 0, "OBBTTime": 0, "TotalTime": 598.466, "Iterations": 10212, "LinearTime": 449.847, "LowerBound": 0, "TimeVector": [], "UpperBound": 3.86053, "rootBTTime": 0, "LowerBounds": {}, "SolveResult": 402, "UpperBounds": {}, "MaxQueueSize": 7201, "NumberOfSOCC": 0, "VisitedNodes": 20425, "NonLinearTime": 43.314, "OptimalityGap": 3.86053, "FBBTIterations": 0, "FirstLowerBound": 0, "InfeasibleNodes": 3012, "IntNonLinearTime": 0, "LinearSolvingTime": 329.398, "LinearizationTime": 0.169805, "NumberOfVariables": 791, "CallsToLinearSolver": 20425, "DegreeReductionTime": 0, "FBBTPreparationTime": 0, "FirstNodeIterations": 811, "NumberOfConstraints": 816, "FirstNodeSolvingTime": 0.0442279, "LinearGenerationTime": 94.7464, "MosekLicenseNotFound": 0, "GurobiLicenseNotFound": 0, "KnitroLicenseNotFound": 0, "SDPCutsGenerationTime": 0, "finishedBeforeReading": 0, "CallsToNonLinearSolver": 17, "NumberOfRLTSolvedNodes": 20425, "NumberOfSDPConstraints": 0, "NumberOfSDPSolvedNodes": 0, "NumberOfSOCPSolvedNodes": 0, "PercentageOfBindingSOCC": 0, "LinearPostProcessingTime": 12.6054, "CallsToNonLinearSolverInt": 0, "LinearSolvingTimeBySolver": 324.963, "NodesDiscardedByFathoming": 0, "NodesDiscardedByTolerance": 0, "finishedBeforeLinearizing": 0, "BoundFactorConstraintsTime": 63.4417, "meanBTRelativeChangeRootNode": 0, "NumberOfChangesFromConicToRLT": 0, "NumberOfBoundFactorConstraints": 2564, "PercentageOfOBBTSolvedProblems": 0, "NumberOfLAPACKConvergenceFailures": 0, "PercentageOfBindingSDPConstraints": 0, "NumberOfRLTVariablesAfterLinearization": 651}