{"Itbt": 0, "Pace": 599989, "Depth": 22, "Degree": 2, "RPSTime": 160.242, "FBBTTime": 0, "OBBTTime": 0, "TotalTime": 599.989, "Iterations": 186660, "LinearTime": 438.333, "LowerBound": 0, "TimeVector": [], "UpperBound": 2.66281, "rootBTTime": 0, "LowerBounds": {}, "SolveResult": 402, "UpperBounds": {}, "MaxQueueSize": 114904, "NumberOfSOCC": 0, "VisitedNodes": 373321, "NonLinearTime": 1.38003, "OptimalityGap": 2.66281, "FBBTIterations": 0, "FirstLowerBound": 0, "InfeasibleNodes": 71742, "IntNonLinearTime": 0, "LinearSolvingTime": 219.658, "LinearizationTime": 0.00184691, "NumberOfVariables": 20, "CallsToLinearSolver": 373321, "DegreeReductionTime": 0, "FBBTPreparationTime": 0, "FirstNodeIterations": 59, "NumberOfConstraints": 69, "FirstNodeSolvingTime": 0.00491264, "LinearGenerationTime": 177.961, "MosekLicenseNotFound": 0, "GurobiLicenseNotFound": 0, "KnitroLicenseNotFound": 0, "SDPCutsGenerationTime": 0, "finishedBeforeReading": 0, "CallsToNonLinearSolver": 21, "NumberOfRLTSolvedNodes": 373321, "NumberOfSDPConstraints": 0, "NumberOfSDPSolvedNodes": 0, "NumberOfSOCPSolvedNodes": 0, "PercentageOfBindingSOCC": 0, "LinearPostProcessingTime": 16.9751, "CallsToNonLinearSolverInt": 0, "LinearSolvingTimeBySolver": 199.8, "NodesDiscardedByFathoming": 0, "NodesDiscardedByTolerance": 15, "finishedBeforeLinearizing": 0, "BoundFactorConstraintsTime": 87.9805, "meanBTRelativeChangeRootNode": 0, "NumberOfChangesFromConicToRLT": 0, "NumberOfBoundFactorConstraints": 276, "PercentageOfOBBTSolvedProblems": 0, "NumberOfLAPACKConvergenceFailures": 0, "PercentageOfBindingSDPConstraints": 0, "NumberOfRLTVariablesAfterLinearization": 73}