{"Itbt": 0, "Pace": 599970, "Depth": 21, "Degree": 2, "RPSTime": 160.993, "FBBTTime": 0, "OBBTTime": 0, "TotalTime": 599.97, "Iterations": 145393, "LinearTime": 437.859, "LowerBound": 0, "TimeVector": [], "UpperBound": 15.9688, "rootBTTime": 0, "LowerBounds": {}, "SolveResult": 402, "UpperBounds": {}, "MaxQueueSize": 43303, "NumberOfSOCC": 0, "VisitedNodes": 290787, "NonLinearTime": 1.08885, "OptimalityGap": 15.9688, "FBBTIterations": 0, "FirstLowerBound": 0, "InfeasibleNodes": 98222, "IntNonLinearTime": 0, "LinearSolvingTime": 234.022, "LinearizationTime": 0.00263597, "NumberOfVariables": 22, "CallsToLinearSolver": 290787, "DegreeReductionTime": 0, "FBBTPreparationTime": 0, "FirstNodeIterations": 81, "NumberOfConstraints": 60, "FirstNodeSolvingTime": 0.00500988, "LinearGenerationTime": 166.998, "MosekLicenseNotFound": 0, "GurobiLicenseNotFound": 0, "KnitroLicenseNotFound": 0, "SDPCutsGenerationTime": 0, "finishedBeforeReading": 0, "CallsToNonLinearSolver": 21, "NumberOfRLTSolvedNodes": 290787, "NumberOfSDPConstraints": 0, "NumberOfSDPSolvedNodes": 0, "NumberOfSOCPSolvedNodes": 0, "PercentageOfBindingSOCC": 0, "LinearPostProcessingTime": 13.0546, "CallsToNonLinearSolverInt": 0, "LinearSolvingTimeBySolver": 217.056, "NodesDiscardedByFathoming": 0, "NodesDiscardedByTolerance": 3869, "finishedBeforeLinearizing": 0, "BoundFactorConstraintsTime": 92.1832, "meanBTRelativeChangeRootNode": 0, "NumberOfChangesFromConicToRLT": 0, "NumberOfBoundFactorConstraints": 346, "PercentageOfOBBTSolvedProblems": 0, "NumberOfLAPACKConvergenceFailures": 0, "PercentageOfBindingSDPConstraints": 0, "NumberOfRLTVariablesAfterLinearization": 91}