{"Itbt": 0, "Pace": 600000, "Depth": 25, "Degree": 2, "RPSTime": 133.579, "FBBTTime": 0, "OBBTTime": 0, "TotalTime": 600.016, "Iterations": 127250, "LinearTime": 464.729, "LowerBound": 0, "TimeVector": [], "UpperBound": 2.54092, "rootBTTime": 0, "LowerBounds": {}, "SolveResult": 402, "UpperBounds": {}, "MaxQueueSize": 86862, "NumberOfSOCC": 0, "VisitedNodes": 254501, "NonLinearTime": 1.68425, "OptimalityGap": 2.54092, "FBBTIterations": 0, "FirstLowerBound": 0, "InfeasibleNodes": 39060, "IntNonLinearTime": 0, "LinearSolvingTime": 278.637, "LinearizationTime": 0.00280268, "NumberOfVariables": 22, "CallsToLinearSolver": 254501, "DegreeReductionTime": 0, "FBBTPreparationTime": 0, "FirstNodeIterations": 67, "NumberOfConstraints": 86, "FirstNodeSolvingTime": 0.00469953, "LinearGenerationTime": 151.754, "MosekLicenseNotFound": 0, "GurobiLicenseNotFound": 0, "KnitroLicenseNotFound": 0, "SDPCutsGenerationTime": 0, "finishedBeforeReading": 0, "CallsToNonLinearSolver": 20, "NumberOfRLTSolvedNodes": 254501, "NumberOfSDPConstraints": 0, "NumberOfSDPSolvedNodes": 0, "NumberOfSOCPSolvedNodes": 0, "PercentageOfBindingSOCC": 0, "LinearPostProcessingTime": 14.9187, "CallsToNonLinearSolverInt": 0, "LinearSolvingTimeBySolver": 263.157, "NodesDiscardedByFathoming": 27, "NodesDiscardedByTolerance": 1302, "finishedBeforeLinearizing": 0, "BoundFactorConstraintsTime": 77.7817, "meanBTRelativeChangeRootNode": 0, "NumberOfChangesFromConicToRLT": 0, "NumberOfBoundFactorConstraints": 346, "PercentageOfOBBTSolvedProblems": 0, "NumberOfLAPACKConvergenceFailures": 0, "PercentageOfBindingSDPConstraints": 0, "NumberOfRLTVariablesAfterLinearization": 91}