{"Itbt": 0, "Pace": 600000, "Depth": 20, "Degree": 2, "RPSTime": 146.141, "FBBTTime": 0, "OBBTTime": 0, "TotalTime": 600, "Iterations": 221115, "LinearTime": 452.966, "LowerBound": 0, "TimeVector": [], "UpperBound": 2.36471, "rootBTTime": 0, "LowerBounds": {}, "SolveResult": 402, "UpperBounds": {}, "MaxQueueSize": 170568, "NumberOfSOCC": 0, "VisitedNodes": 442231, "NonLinearTime": 0.857799, "OptimalityGap": 2.36471, "FBBTIterations": 0, "FirstLowerBound": 0, "InfeasibleNodes": 48793, "IntNonLinearTime": 0, "LinearSolvingTime": 245.409, "LinearizationTime": 0.00111468, "NumberOfVariables": 18, "CallsToLinearSolver": 442231, "DegreeReductionTime": 0, "FBBTPreparationTime": 0, "FirstNodeIterations": 44, "NumberOfConstraints": 54, "FirstNodeSolvingTime": 0.00474271, "LinearGenerationTime": 168.675, "MosekLicenseNotFound": 0, "GurobiLicenseNotFound": 0, "KnitroLicenseNotFound": 0, "SDPCutsGenerationTime": 0, "finishedBeforeReading": 0, "CallsToNonLinearSolver": 21, "NumberOfRLTSolvedNodes": 442231, "NumberOfSDPConstraints": 0, "NumberOfSDPSolvedNodes": 0, "NumberOfSOCPSolvedNodes": 0, "PercentageOfBindingSOCC": 0, "LinearPostProcessingTime": 17.6485, "CallsToNonLinearSolverInt": 0, "LinearSolvingTimeBySolver": 223.916, "NodesDiscardedByFathoming": 0, "NodesDiscardedByTolerance": 1755, "finishedBeforeLinearizing": 0, "BoundFactorConstraintsTime": 73.7892, "meanBTRelativeChangeRootNode": 0, "NumberOfChangesFromConicToRLT": 0, "NumberOfBoundFactorConstraints": 214, "PercentageOfOBBTSolvedProblems": 0, "NumberOfLAPACKConvergenceFailures": 0, "PercentageOfBindingSDPConstraints": 0, "NumberOfRLTVariablesAfterLinearization": 57}