{"Itbt": 0, "Pace": 599987, "Depth": 21, "Degree": 2, "RPSTime": 145.821, "FBBTTime": 0, "OBBTTime": 0, "TotalTime": 599.987, "Iterations": 218446, "LinearTime": 453.223, "LowerBound": 0, "TimeVector": [], "UpperBound": 1.96631, "rootBTTime": 0, "LowerBounds": {}, "SolveResult": 402, "UpperBounds": {}, "MaxQueueSize": 135207, "NumberOfSOCC": 0, "VisitedNodes": 436893, "NonLinearTime": 0.90464, "OptimalityGap": 1.96631, "FBBTIterations": 0, "FirstLowerBound": 0, "InfeasibleNodes": 73768, "IntNonLinearTime": 0, "LinearSolvingTime": 245.619, "LinearizationTime": 0.00112745, "NumberOfVariables": 18, "CallsToLinearSolver": 436893, "DegreeReductionTime": 0, "FBBTPreparationTime": 0, "FirstNodeIterations": 52, "NumberOfConstraints": 60, "FirstNodeSolvingTime": 0.00415712, "LinearGenerationTime": 169.002, "MosekLicenseNotFound": 0, "GurobiLicenseNotFound": 0, "KnitroLicenseNotFound": 0, "SDPCutsGenerationTime": 0, "finishedBeforeReading": 0, "CallsToNonLinearSolver": 21, "NumberOfRLTSolvedNodes": 436893, "NumberOfSDPConstraints": 0, "NumberOfSDPSolvedNodes": 0, "NumberOfSOCPSolvedNodes": 0, "PercentageOfBindingSOCC": 0, "LinearPostProcessingTime": 16.7056, "CallsToNonLinearSolverInt": 0, "LinearSolvingTimeBySolver": 223.575, "NodesDiscardedByFathoming": 0, "NodesDiscardedByTolerance": 9472, "finishedBeforeLinearizing": 0, "BoundFactorConstraintsTime": 72.9093, "meanBTRelativeChangeRootNode": 0, "NumberOfChangesFromConicToRLT": 0, "NumberOfBoundFactorConstraints": 214, "PercentageOfOBBTSolvedProblems": 0, "NumberOfLAPACKConvergenceFailures": 0, "PercentageOfBindingSDPConstraints": 0, "NumberOfRLTVariablesAfterLinearization": 57}