{"Itbt": 0, "Pace": 600000, "Depth": 14, "Degree": 2, "RPSTime": 94.3639, "FBBTTime": 0, "OBBTTime": 0, "TotalTime": 600.111, "Iterations": 5705, "LinearTime": 422.159, "LowerBound": 0, "TimeVector": [], "UpperBound": 3.92039, "rootBTTime": 0, "LowerBounds": {}, "SolveResult": 402, "UpperBounds": {}, "MaxQueueSize": 3929, "NumberOfSOCC": 0, "VisitedNodes": 11411, "NonLinearTime": 83.3556, "OptimalityGap": 3.92039, "FBBTIterations": 0, "FirstLowerBound": 0, "InfeasibleNodes": 1777, "IntNonLinearTime": 0, "LinearSolvingTime": 322.246, "LinearizationTime": 0.347278, "NumberOfVariables": 1110, "CallsToLinearSolver": 11411, "DegreeReductionTime": 0, "FBBTPreparationTime": 0, "FirstNodeIterations": 950, "NumberOfConstraints": 1134, "FirstNodeSolvingTime": 0.0503, "LinearGenerationTime": 76.1714, "MosekLicenseNotFound": 0, "GurobiLicenseNotFound": 0, "KnitroLicenseNotFound": 0, "SDPCutsGenerationTime": 0, "finishedBeforeReading": 0, "CallsToNonLinearSolver": 16, "NumberOfRLTSolvedNodes": 11411, "NumberOfSDPConstraints": 0, "NumberOfSDPSolvedNodes": 0, "NumberOfSOCPSolvedNodes": 0, "PercentageOfBindingSOCC": 0, "LinearPostProcessingTime": 10.3437, "CallsToNonLinearSolverInt": 0, "LinearSolvingTimeBySolver": 319.255, "NodesDiscardedByFathoming": 0, "NodesDiscardedByTolerance": 0, "finishedBeforeLinearizing": 0, "BoundFactorConstraintsTime": 57.781, "meanBTRelativeChangeRootNode": 0, "NumberOfChangesFromConicToRLT": 0, "NumberOfBoundFactorConstraints": 3670, "PercentageOfOBBTSolvedProblems": 0, "NumberOfLAPACKConvergenceFailures": 0, "PercentageOfBindingSDPConstraints": 0, "NumberOfRLTVariablesAfterLinearization": 931}