{"Itbt": 0, "Pace": 599980, "Depth": 22, "Degree": 2, "RPSTime": 167.348, "FBBTTime": 0, "OBBTTime": 0, "TotalTime": 599.98, "Iterations": 120467, "LinearTime": 430.087, "LowerBound": 0, "TimeVector": [], "UpperBound": 14.4292, "rootBTTime": 0, "LowerBounds": {}, "SolveResult": 402, "UpperBounds": {}, "MaxQueueSize": 34603, "NumberOfSOCC": 0, "VisitedNodes": 240935, "NonLinearTime": 2.52102, "OptimalityGap": 14.4292, "FBBTIterations": 0, "FirstLowerBound": 0, "InfeasibleNodes": 74321, "IntNonLinearTime": 0, "LinearSolvingTime": 228.127, "LinearizationTime": 0.00398594, "NumberOfVariables": 24, "CallsToLinearSolver": 240935, "DegreeReductionTime": 0, "FBBTPreparationTime": 0, "FirstNodeIterations": 96, "NumberOfConstraints": 71, "FirstNodeSolvingTime": 0.00531422, "LinearGenerationTime": 164.203, "MosekLicenseNotFound": 0, "GurobiLicenseNotFound": 0, "KnitroLicenseNotFound": 0, "SDPCutsGenerationTime": 0, "finishedBeforeReading": 0, "CallsToNonLinearSolver": 27, "NumberOfRLTSolvedNodes": 240935, "NumberOfSDPConstraints": 0, "NumberOfSDPSolvedNodes": 0, "NumberOfSOCPSolvedNodes": 0, "PercentageOfBindingSOCC": 0, "LinearPostProcessingTime": 13.4862, "CallsToNonLinearSolverInt": 0, "LinearSolvingTimeBySolver": 213.015, "NodesDiscardedByFathoming": 0, "NodesDiscardedByTolerance": 11544, "finishedBeforeLinearizing": 0, "BoundFactorConstraintsTime": 96.7019, "meanBTRelativeChangeRootNode": 0, "NumberOfChangesFromConicToRLT": 0, "NumberOfBoundFactorConstraints": 424, "PercentageOfOBBTSolvedProblems": 0, "NumberOfLAPACKConvergenceFailures": 0, "PercentageOfBindingSDPConstraints": 0, "NumberOfRLTVariablesAfterLinearization": 111}