{"Itbt": 0, "Pace": 600000, "Depth": 18, "Degree": 2, "RPSTime": 103.987, "FBBTTime": 0, "OBBTTime": 0, "TotalTime": 600.016, "Iterations": 57711, "LinearTime": 492.542, "LowerBound": 0, "TimeVector": [], "UpperBound": 11.7123, "rootBTTime": 0, "LowerBounds": {}, "SolveResult": 402, "UpperBounds": {}, "MaxQueueSize": 41937, "NumberOfSOCC": 0, "VisitedNodes": 115423, "NonLinearTime": 3.46684, "OptimalityGap": 11.7123, "FBBTIterations": 0, "FirstLowerBound": 0, "InfeasibleNodes": 15736, "IntNonLinearTime": 0, "LinearSolvingTime": 324.647, "LinearizationTime": 0.0104931, "NumberOfVariables": 184, "CallsToLinearSolver": 115423, "DegreeReductionTime": 0, "FBBTPreparationTime": 0, "FirstNodeIterations": 196, "NumberOfConstraints": 192, "FirstNodeSolvingTime": 0.00799385, "LinearGenerationTime": 134.005, "MosekLicenseNotFound": 0, "GurobiLicenseNotFound": 0, "KnitroLicenseNotFound": 0, "SDPCutsGenerationTime": 0, "finishedBeforeReading": 0, "CallsToNonLinearSolver": 26, "NumberOfRLTSolvedNodes": 115423, "NumberOfSDPConstraints": 0, "NumberOfSDPSolvedNodes": 0, "NumberOfSOCPSolvedNodes": 0, "PercentageOfBindingSOCC": 0, "LinearPostProcessingTime": 16.7963, "CallsToNonLinearSolverInt": 0, "LinearSolvingTimeBySolver": 313.509, "NodesDiscardedByFathoming": 0, "NodesDiscardedByTolerance": 39, "finishedBeforeLinearizing": 0, "BoundFactorConstraintsTime": 51.5399, "meanBTRelativeChangeRootNode": 0, "NumberOfChangesFromConicToRLT": 0, "NumberOfBoundFactorConstraints": 648, "PercentageOfOBBTSolvedProblems": 0, "NumberOfLAPACKConvergenceFailures": 0, "PercentageOfBindingSDPConstraints": 0, "NumberOfRLTVariablesAfterLinearization": 169}