{"Itbt": 0, "Pace": 6.00448, "Depth": 37, "Degree": 2, "RPSTime": 73.2698, "FBBTTime": 0, "OBBTTime": 0, "TotalTime": 600.024, "Iterations": 5800, "LinearTime": 520.197, "LowerBound": 191.06, "TimeVector": [], "UpperBound": 797.977, "rootBTTime": 0, "LowerBounds": {}, "SolveResult": 402, "UpperBounds": {}, "MaxQueueSize": 4246, "NumberOfSOCC": 0, "VisitedNodes": 11601, "NonLinearTime": 6.52313, "OptimalityGap": 606.917, "FBBTIterations": 0, "FirstLowerBound": 91.1356, "InfeasibleNodes": 1555, "IntNonLinearTime": 0, "LinearSolvingTime": 447.828, "LinearizationTime": 0.232469, "NumberOfVariables": 334, "CallsToLinearSolver": 11601, "DegreeReductionTime": 0, "FBBTPreparationTime": 0, "FirstNodeIterations": 1021, "NumberOfConstraints": 156, "FirstNodeSolvingTime": 0.0529331, "LinearGenerationTime": 54.869, "MosekLicenseNotFound": 0, "GurobiLicenseNotFound": 0, "KnitroLicenseNotFound": 0, "SDPCutsGenerationTime": 0, "finishedBeforeReading": 0, "CallsToNonLinearSolver": 16, "NumberOfRLTSolvedNodes": 11601, "NumberOfSDPConstraints": 0, "NumberOfSDPSolvedNodes": 0, "NumberOfSOCPSolvedNodes": 0, "PercentageOfBindingSOCC": 0, "LinearPostProcessingTime": 6.62618, "CallsToNonLinearSolverInt": 0, "LinearSolvingTimeBySolver": 445.304, "NodesDiscardedByFathoming": 0, "NodesDiscardedByTolerance": 0, "finishedBeforeLinearizing": 0, "BoundFactorConstraintsTime": 49.0985, "meanBTRelativeChangeRootNode": 0, "NumberOfChangesFromConicToRLT": 0, "NumberOfBoundFactorConstraints": 3360, "PercentageOfOBBTSolvedProblems": 0, "NumberOfLAPACKConvergenceFailures": 0, "PercentageOfBindingSDPConstraints": 0, "NumberOfRLTVariablesAfterLinearization": 840}