{"Itbt": 0, "Pace": 5.92104, "Depth": 26, "Degree": 2, "RPSTime": 121.054, "FBBTTime": 0, "OBBTTime": 0, "TotalTime": 600.008, "Iterations": 38011, "LinearTime": 477.351, "LowerBound": 193.886, "TimeVector": [], "UpperBound": 365.784, "rootBTTime": 0, "LowerBounds": {}, "SolveResult": 402, "UpperBounds": {}, "MaxQueueSize": 19530, "NumberOfSOCC": 0, "VisitedNodes": 76023, "NonLinearTime": 1.51802, "OptimalityGap": 171.898, "FBBTIterations": 0, "FirstLowerBound": 92.5531, "InfeasibleNodes": 18482, "IntNonLinearTime": 0, "LinearSolvingTime": 326.327, "LinearizationTime": 0.0241903, "NumberOfVariables": 156, "CallsToLinearSolver": 76023, "DegreeReductionTime": 0, "FBBTPreparationTime": 0, "FirstNodeIterations": 197, "NumberOfConstraints": 86, "FirstNodeSolvingTime": 0.00913977, "LinearGenerationTime": 120.889, "MosekLicenseNotFound": 0, "GurobiLicenseNotFound": 0, "KnitroLicenseNotFound": 0, "SDPCutsGenerationTime": 0, "finishedBeforeReading": 0, "CallsToNonLinearSolver": 19, "NumberOfRLTSolvedNodes": 76023, "NumberOfSDPConstraints": 0, "NumberOfSDPSolvedNodes": 0, "NumberOfSOCPSolvedNodes": 0, "PercentageOfBindingSOCC": 0, "LinearPostProcessingTime": 12.8103, "CallsToNonLinearSolverInt": 0, "LinearSolvingTimeBySolver": 317.659, "NodesDiscardedByFathoming": 0, "NodesDiscardedByTolerance": 0, "finishedBeforeLinearizing": 0, "BoundFactorConstraintsTime": 70.6544, "meanBTRelativeChangeRootNode": 0, "NumberOfChangesFromConicToRLT": 0, "NumberOfBoundFactorConstraints": 1080, "PercentageOfOBBTSolvedProblems": 0, "NumberOfLAPACKConvergenceFailures": 0, "PercentageOfBindingSDPConstraints": 0, "NumberOfRLTVariablesAfterLinearization": 270}