{"Itbt": 0, "Pace": 25.3915, "Depth": 4233, "Degree": 2, "RPSTime": 48.5605, "FBBTTime": 0, "OBBTTime": 0, "TotalTime": 600.051, "Iterations": 46335, "LinearTime": 501.227, "LowerBound": 361.283, "TimeVector": [], "UpperBound": 513.001, "rootBTTime": 0, "LowerBounds": {}, "SolveResult": 402, "UpperBounds": {}, "MaxQueueSize": 23202, "NumberOfSOCC": 0, "VisitedNodes": 92671, "NonLinearTime": 50.2397, "OptimalityGap": 151.718, "FBBTIterations": 0, "FirstLowerBound": 337.654, "InfeasibleNodes": 7902, "IntNonLinearTime": 0, "LinearSolvingTime": 408.547, "LinearizationTime": 0.00361694, "NumberOfVariables": 208, "CallsToLinearSolver": 92671, "DegreeReductionTime": 0, "FBBTPreparationTime": 0, "FirstNodeIterations": 92, "NumberOfConstraints": 204, "FirstNodeSolvingTime": 0.00638633, "LinearGenerationTime": 74.5945, "MosekLicenseNotFound": 0, "GurobiLicenseNotFound": 0, "KnitroLicenseNotFound": 0, "SDPCutsGenerationTime": 0, "finishedBeforeReading": 0, "CallsToNonLinearSolver": 19, "NumberOfRLTSolvedNodes": 92671, "NumberOfSDPConstraints": 0, "NumberOfSDPSolvedNodes": 0, "NumberOfSOCPSolvedNodes": 0, "PercentageOfBindingSOCC": 0, "LinearPostProcessingTime": 10.8647, "CallsToNonLinearSolverInt": 0, "LinearSolvingTimeBySolver": 399.603, "NodesDiscardedByFathoming": 0, "NodesDiscardedByTolerance": 15232, "finishedBeforeLinearizing": 0, "BoundFactorConstraintsTime": 23.1363, "meanBTRelativeChangeRootNode": 0, "NumberOfChangesFromConicToRLT": 0, "NumberOfBoundFactorConstraints": 360, "PercentageOfOBBTSolvedProblems": 0, "NumberOfLAPACKConvergenceFailures": 0, "PercentageOfBindingSDPConstraints": 0, "NumberOfRLTVariablesAfterLinearization": 90}