{"Itbt": 0, "Pace": 599489, "Depth": 77, "Degree": 2, "RPSTime": 206.707, "FBBTTime": 0, "OBBTTime": 0, "TotalTime": 599.489, "Iterations": 4712, "LinearTime": 315.86, "LowerBound": 0, "TimeVector": [], "UpperBound": 681.594, "rootBTTime": 0, "LowerBounds": {}, "SolveResult": 402, "UpperBounds": {}, "MaxQueueSize": 444, "NumberOfSOCC": 0, "VisitedNodes": 9425, "NonLinearTime": 76.7367, "OptimalityGap": 681.594, "FBBTIterations": 0, "FirstLowerBound": 0, "InfeasibleNodes": 4269, "IntNonLinearTime": 0, "LinearSolvingTime": 116.695, "LinearizationTime": 2.36816, "NumberOfVariables": 780, "CallsToLinearSolver": 9425, "DegreeReductionTime": 0, "FBBTPreparationTime": 0, "FirstNodeIterations": 257, "NumberOfConstraints": 280, "FirstNodeSolvingTime": 0.0487737, "LinearGenerationTime": 151.386, "MosekLicenseNotFound": 0, "GurobiLicenseNotFound": 0, "KnitroLicenseNotFound": 0, "SDPCutsGenerationTime": 0, "finishedBeforeReading": 0, "CallsToNonLinearSolver": 16, "NumberOfRLTSolvedNodes": 9425, "NumberOfSDPConstraints": 0, "NumberOfSDPSolvedNodes": 0, "NumberOfSOCPSolvedNodes": 0, "PercentageOfBindingSOCC": 0, "LinearPostProcessingTime": 10.5474, "CallsToNonLinearSolverInt": 0, "LinearSolvingTimeBySolver": 113.364, "NodesDiscardedByFathoming": 0, "NodesDiscardedByTolerance": 0, "finishedBeforeLinearizing": 0, "BoundFactorConstraintsTime": 132.119, "meanBTRelativeChangeRootNode": 0, "NumberOfChangesFromConicToRLT": 0, "NumberOfBoundFactorConstraints": 10560, "PercentageOfOBBTSolvedProblems": 0, "NumberOfLAPACKConvergenceFailures": 0, "PercentageOfBindingSDPConstraints": 0, "NumberOfRLTVariablesAfterLinearization": 2640}