{"Itbt": 0, "Pace": 6.91918, "Depth": 51, "Degree": 2, "RPSTime": 70.226, "FBBTTime": 0, "OBBTTime": 0, "TotalTime": 599.152, "Iterations": 48819, "LinearTime": 454.263, "LowerBound": 997.45, "TimeVector": [], "UpperBound": 1358.66, "rootBTTime": 0, "LowerBounds": {}, "SolveResult": 402, "UpperBounds": {}, "MaxQueueSize": 30604, "NumberOfSOCC": 0, "VisitedNodes": 97639, "NonLinearTime": 74.6421, "OptimalityGap": 361.214, "FBBTIterations": 0, "FirstLowerBound": 910.858, "InfeasibleNodes": 18045, "IntNonLinearTime": 0, "LinearSolvingTime": 330.098, "LinearizationTime": 0.0066053, "NumberOfVariables": 243, "CallsToLinearSolver": 97639, "DegreeReductionTime": 0, "FBBTPreparationTime": 0, "FirstNodeIterations": 111, "NumberOfConstraints": 233, "FirstNodeSolvingTime": 0.0199896, "LinearGenerationTime": 100.598, "MosekLicenseNotFound": 0, "GurobiLicenseNotFound": 0, "KnitroLicenseNotFound": 0, "SDPCutsGenerationTime": 0, "finishedBeforeReading": 0, "CallsToNonLinearSolver": 19, "NumberOfRLTSolvedNodes": 97639, "NumberOfSDPConstraints": 0, "NumberOfSDPSolvedNodes": 0, "NumberOfSOCPSolvedNodes": 0, "PercentageOfBindingSOCC": 0, "LinearPostProcessingTime": 12.9755, "CallsToNonLinearSolverInt": 0, "LinearSolvingTimeBySolver": 320.553, "NodesDiscardedByFathoming": 0, "NodesDiscardedByTolerance": 171, "finishedBeforeLinearizing": 0, "BoundFactorConstraintsTime": 35.48, "meanBTRelativeChangeRootNode": 0, "NumberOfChangesFromConicToRLT": 0, "NumberOfBoundFactorConstraints": 504, "PercentageOfOBBTSolvedProblems": 0, "NumberOfLAPACKConvergenceFailures": 0, "PercentageOfBindingSDPConstraints": 0, "NumberOfRLTVariablesAfterLinearization": 126}