{"Itbt": 0, "Pace": 3.70753, "Depth": 89, "Degree": 2, "RPSTime": 131.391, "FBBTTime": 0, "OBBTTime": 0, "TotalTime": 600.002, "Iterations": 36225, "LinearTime": 467.197, "LowerBound": 161.832, "TimeVector": [], "UpperBound": 312.922, "rootBTTime": 0, "LowerBounds": {}, "SolveResult": 402, "UpperBounds": {}, "MaxQueueSize": 8019, "NumberOfSOCC": 0, "VisitedNodes": 72451, "NonLinearTime": 1.38792, "OptimalityGap": 151.09, "FBBTIterations": 0, "FirstLowerBound": 0, "InfeasibleNodes": 28207, "IntNonLinearTime": 0, "LinearSolvingTime": 311.564, "LinearizationTime": 0.0267283, "NumberOfVariables": 132, "CallsToLinearSolver": 72451, "DegreeReductionTime": 0, "FBBTPreparationTime": 0, "FirstNodeIterations": 73, "NumberOfConstraints": 84, "FirstNodeSolvingTime": 0.00677896, "LinearGenerationTime": 126.226, "MosekLicenseNotFound": 0, "GurobiLicenseNotFound": 0, "KnitroLicenseNotFound": 0, "SDPCutsGenerationTime": 0, "finishedBeforeReading": 0, "CallsToNonLinearSolver": 19, "NumberOfRLTSolvedNodes": 72451, "NumberOfSDPConstraints": 0, "NumberOfSDPSolvedNodes": 0, "NumberOfSOCPSolvedNodes": 0, "PercentageOfBindingSOCC": 0, "LinearPostProcessingTime": 10.1261, "CallsToNonLinearSolverInt": 0, "LinearSolvingTimeBySolver": 303.249, "NodesDiscardedByFathoming": 0, "NodesDiscardedByTolerance": 0, "finishedBeforeLinearizing": 0, "BoundFactorConstraintsTime": 73.6727, "meanBTRelativeChangeRootNode": 0, "NumberOfChangesFromConicToRLT": 0, "NumberOfBoundFactorConstraints": 1152, "PercentageOfOBBTSolvedProblems": 0, "NumberOfLAPACKConvergenceFailures": 0, "PercentageOfBindingSDPConstraints": 0, "NumberOfRLTVariablesAfterLinearization": 288}