{"Itbt": 0, "Pace": 3.63645, "Depth": 28, "Degree": 2, "RPSTime": 31.9777, "FBBTTime": 0, "OBBTTime": 0, "TotalTime": 595.117, "Iterations": 926, "LinearTime": 519.974, "LowerBound": 460.113, "TimeVector": [], "UpperBound": 1285.01, "rootBTTime": 0, "LowerBounds": {}, "SolveResult": 402, "UpperBounds": {}, "MaxQueueSize": 561, "NumberOfSOCC": 0, "VisitedNodes": 1853, "NonLinearTime": 43.0527, "OptimalityGap": 824.893, "FBBTIterations": 0, "FirstLowerBound": 296.46, "InfeasibleNodes": 367, "IntNonLinearTime": 0, "LinearSolvingTime": 493.257, "LinearizationTime": 1.1412, "NumberOfVariables": 662, "CallsToLinearSolver": 1853, "DegreeReductionTime": 0, "FBBTPreparationTime": 0, "FirstNodeIterations": 2650, "NumberOfConstraints": 244, "FirstNodeSolvingTime": 0.286507, "LinearGenerationTime": 20.4528, "MosekLicenseNotFound": 0, "GurobiLicenseNotFound": 0, "KnitroLicenseNotFound": 0, "SDPCutsGenerationTime": 0, "finishedBeforeReading": 0, "CallsToNonLinearSolver": 13, "NumberOfRLTSolvedNodes": 1853, "NumberOfSDPConstraints": 0, "NumberOfSDPSolvedNodes": 0, "NumberOfSOCPSolvedNodes": 0, "PercentageOfBindingSOCC": 0, "LinearPostProcessingTime": 2.02924, "CallsToNonLinearSolverInt": 0, "LinearSolvingTimeBySolver": 492.639, "NodesDiscardedByFathoming": 0, "NodesDiscardedByTolerance": 0, "finishedBeforeLinearizing": 0, "BoundFactorConstraintsTime": 23.0986, "meanBTRelativeChangeRootNode": 0, "NumberOfChangesFromConicToRLT": 0, "NumberOfBoundFactorConstraints": 7392, "PercentageOfOBBTSolvedProblems": 0, "NumberOfLAPACKConvergenceFailures": 0, "PercentageOfBindingSDPConstraints": 0, "NumberOfRLTVariablesAfterLinearization": 1848}