{"Itbt": 0, "Pace": 600000, "Depth": 59, "Degree": 2, "RPSTime": 209.762, "FBBTTime": 0, "OBBTTime": 0, "TotalTime": 600.017, "Iterations": 8425, "LinearTime": 370.385, "LowerBound": 0, "TimeVector": [], "UpperBound": 638.735, "rootBTTime": 0, "LowerBounds": {}, "SolveResult": 402, "UpperBounds": {}, "MaxQueueSize": 987, "NumberOfSOCC": 0, "VisitedNodes": 16851, "NonLinearTime": 19.7611, "OptimalityGap": 638.735, "FBBTIterations": 0, "FirstLowerBound": 0, "InfeasibleNodes": 7439, "IntNonLinearTime": 0, "LinearSolvingTime": 142.475, "LinearizationTime": 1.03318, "NumberOfVariables": 660, "CallsToLinearSolver": 16851, "DegreeReductionTime": 0, "FBBTPreparationTime": 0, "FirstNodeIterations": 214, "NumberOfConstraints": 200, "FirstNodeSolvingTime": 0.0367073, "LinearGenerationTime": 171.704, "MosekLicenseNotFound": 0, "GurobiLicenseNotFound": 0, "KnitroLicenseNotFound": 0, "SDPCutsGenerationTime": 0, "finishedBeforeReading": 0, "CallsToNonLinearSolver": 17, "NumberOfRLTSolvedNodes": 16851, "NumberOfSDPConstraints": 0, "NumberOfSDPSolvedNodes": 0, "NumberOfSOCPSolvedNodes": 0, "PercentageOfBindingSOCC": 0, "LinearPostProcessingTime": 12.8743, "CallsToNonLinearSolverInt": 0, "LinearSolvingTimeBySolver": 137.505, "NodesDiscardedByFathoming": 0, "NodesDiscardedByTolerance": 0, "finishedBeforeLinearizing": 0, "BoundFactorConstraintsTime": 131.154, "meanBTRelativeChangeRootNode": 0, "NumberOfChangesFromConicToRLT": 0, "NumberOfBoundFactorConstraints": 7040, "PercentageOfOBBTSolvedProblems": 0, "NumberOfLAPACKConvergenceFailures": 0, "PercentageOfBindingSDPConstraints": 0, "NumberOfRLTVariablesAfterLinearization": 1760}