{"Itbt": 0, "Pace": 8.81273, "Depth": 173, "Degree": 2, "RPSTime": 73.1885, "FBBTTime": 0, "OBBTTime": 0, "TotalTime": 600.018, "Iterations": 4435, "LinearTime": 508.178, "LowerBound": 68.0823, "TimeVector": [], "UpperBound": 784.273, "rootBTTime": 0, "LowerBounds": {}, "SolveResult": 402, "UpperBounds": {}, "MaxQueueSize": 721, "NumberOfSOCC": 0, "VisitedNodes": 8871, "NonLinearTime": 18.5961, "OptimalityGap": 716.191, "FBBTIterations": 0, "FirstLowerBound": 0, "InfeasibleNodes": 3715, "IntNonLinearTime": 0, "LinearSolvingTime": 431.06, "LinearizationTime": 0.452896, "NumberOfVariables": 479, "CallsToLinearSolver": 8871, "DegreeReductionTime": 0, "FBBTPreparationTime": 0, "FirstNodeIterations": 516, "NumberOfConstraints": 177, "FirstNodeSolvingTime": 0.0442993, "LinearGenerationTime": 59.9438, "MosekLicenseNotFound": 0, "GurobiLicenseNotFound": 0, "KnitroLicenseNotFound": 0, "SDPCutsGenerationTime": 0, "finishedBeforeReading": 0, "CallsToNonLinearSolver": 16, "NumberOfRLTSolvedNodes": 8871, "NumberOfSDPConstraints": 0, "NumberOfSDPSolvedNodes": 0, "NumberOfSOCPSolvedNodes": 0, "PercentageOfBindingSOCC": 0, "LinearPostProcessingTime": 4.77579, "CallsToNonLinearSolverInt": 0, "LinearSolvingTimeBySolver": 428.948, "NodesDiscardedByFathoming": 0, "NodesDiscardedByTolerance": 0, "finishedBeforeLinearizing": 0, "BoundFactorConstraintsTime": 48.3928, "meanBTRelativeChangeRootNode": 0, "NumberOfChangesFromConicToRLT": 0, "NumberOfBoundFactorConstraints": 4680, "PercentageOfOBBTSolvedProblems": 0, "NumberOfLAPACKConvergenceFailures": 0, "PercentageOfBindingSDPConstraints": 0, "NumberOfRLTVariablesAfterLinearization": 1170}