{"Itbt": 0, "Pace": 188.684, "Depth": 42, "Degree": 2, "RPSTime": 109.448, "FBBTTime": 0, "OBBTTime": 0, "TotalTime": 599.997, "Iterations": 46121, "LinearTime": 488.992, "LowerBound": 254.38, "TimeVector": [], "UpperBound": 511.527, "rootBTTime": 0, "LowerBounds": {}, "SolveResult": 402, "UpperBounds": {}, "MaxQueueSize": 16082, "NumberOfSOCC": 0, "VisitedNodes": 92243, "NonLinearTime": 1.54208, "OptimalityGap": 257.146, "FBBTIterations": 0, "FirstLowerBound": 251.201, "InfeasibleNodes": 30040, "IntNonLinearTime": 0, "LinearSolvingTime": 337.766, "LinearizationTime": 0.015063, "NumberOfVariables": 136, "CallsToLinearSolver": 92243, "DegreeReductionTime": 0, "FBBTPreparationTime": 0, "FirstNodeIterations": 241, "NumberOfConstraints": 80, "FirstNodeSolvingTime": 0.00925139, "LinearGenerationTime": 124.55, "MosekLicenseNotFound": 0, "GurobiLicenseNotFound": 0, "KnitroLicenseNotFound": 0, "SDPCutsGenerationTime": 0, "finishedBeforeReading": 0, "CallsToNonLinearSolver": 19, "NumberOfRLTSolvedNodes": 92243, "NumberOfSDPConstraints": 0, "NumberOfSDPSolvedNodes": 0, "NumberOfSOCPSolvedNodes": 0, "PercentageOfBindingSOCC": 0, "LinearPostProcessingTime": 11.0399, "CallsToNonLinearSolverInt": 0, "LinearSolvingTimeBySolver": 328.312, "NodesDiscardedByFathoming": 0, "NodesDiscardedByTolerance": 0, "finishedBeforeLinearizing": 0, "BoundFactorConstraintsTime": 61.5682, "meanBTRelativeChangeRootNode": 0, "NumberOfChangesFromConicToRLT": 0, "NumberOfBoundFactorConstraints": 864, "PercentageOfOBBTSolvedProblems": 0, "NumberOfLAPACKConvergenceFailures": 0, "PercentageOfBindingSDPConstraints": 0, "NumberOfRLTVariablesAfterLinearization": 216}