{"Itbt": 0, "Pace": 14501.1, "Depth": 2061, "Degree": 2, "RPSTime": 79.1639, "FBBTTime": 0, "OBBTTime": 0, "TotalTime": 599.815, "Iterations": 26329, "LinearTime": 437.213, "LowerBound": 648.04, "TimeVector": [], "UpperBound": 1201.04, "rootBTTime": 0, "LowerBounds": {}, "SolveResult": 402, "UpperBounds": {}, "MaxQueueSize": 25948, "NumberOfSOCC": 0, "VisitedNodes": 52659, "NonLinearTime": 83.3969, "OptimalityGap": 552.998, "FBBTIterations": 0, "FirstLowerBound": 648, "InfeasibleNodes": 358, "IntNonLinearTime": 0, "LinearSolvingTime": 314.374, "LinearizationTime": 0.0208391, "NumberOfVariables": 516, "CallsToLinearSolver": 52659, "DegreeReductionTime": 0, "FBBTPreparationTime": 0, "FirstNodeIterations": 170, "NumberOfConstraints": 407, "FirstNodeSolvingTime": 0.0113037, "LinearGenerationTime": 96.3045, "MosekLicenseNotFound": 0, "GurobiLicenseNotFound": 0, "KnitroLicenseNotFound": 0, "SDPCutsGenerationTime": 0, "finishedBeforeReading": 0, "CallsToNonLinearSolver": 18, "NumberOfRLTSolvedNodes": 52659, "NumberOfSDPConstraints": 0, "NumberOfSDPSolvedNodes": 0, "NumberOfSOCPSolvedNodes": 0, "PercentageOfBindingSOCC": 0, "LinearPostProcessingTime": 16.475, "CallsToNonLinearSolverInt": 0, "LinearSolvingTimeBySolver": 307.118, "NodesDiscardedByFathoming": 0, "NodesDiscardedByTolerance": 24, "finishedBeforeLinearizing": 0, "BoundFactorConstraintsTime": 44.617, "meanBTRelativeChangeRootNode": 0, "NumberOfChangesFromConicToRLT": 0, "NumberOfBoundFactorConstraints": 880, "PercentageOfOBBTSolvedProblems": 0, "NumberOfLAPACKConvergenceFailures": 0, "PercentageOfBindingSDPConstraints": 0, "NumberOfRLTVariablesAfterLinearization": 220}