{"Itbt": 0, "Pace": 1.24656, "Depth": 114, "Degree": 2, "RPSTime": 52.5381, "FBBTTime": 0, "OBBTTime": 0, "TotalTime": 600.016, "Iterations": 19404, "LinearTime": 547.155, "LowerBound": 1755.86, "TimeVector": [], "UpperBound": 1833.29, "rootBTTime": 0, "LowerBounds": {}, "SolveResult": 402, "UpperBounds": {}, "MaxQueueSize": 15382, "NumberOfSOCC": 0, "VisitedNodes": 38809, "NonLinearTime": 0.312188, "OptimalityGap": 77.4297, "FBBTIterations": 0, "FirstLowerBound": 1274.54, "InfeasibleNodes": 3589, "IntNonLinearTime": 0, "LinearSolvingTime": 482.069, "LinearizationTime": 0.0123944, "NumberOfVariables": 28, "CallsToLinearSolver": 38809, "DegreeReductionTime": 0, "FBBTPreparationTime": 0, "FirstNodeIterations": 546, "NumberOfConstraints": 23, "FirstNodeSolvingTime": 0.0233105, "LinearGenerationTime": 53.1891, "MosekLicenseNotFound": 0, "GurobiLicenseNotFound": 0, "KnitroLicenseNotFound": 0, "SDPCutsGenerationTime": 0, "finishedBeforeReading": 0, "CallsToNonLinearSolver": 18, "NumberOfRLTSolvedNodes": 38809, "NumberOfSDPConstraints": 0, "NumberOfSDPSolvedNodes": 0, "NumberOfSOCPSolvedNodes": 0, "PercentageOfBindingSOCC": 0, "LinearPostProcessingTime": 5.34728, "CallsToNonLinearSolverInt": 0, "LinearSolvingTimeBySolver": 476.093, "NodesDiscardedByFathoming": 0, "NodesDiscardedByTolerance": 434, "finishedBeforeLinearizing": 0, "BoundFactorConstraintsTime": 35.8373, "meanBTRelativeChangeRootNode": 0, "NumberOfChangesFromConicToRLT": 0, "NumberOfBoundFactorConstraints": 796, "PercentageOfOBBTSolvedProblems": 0, "NumberOfLAPACKConvergenceFailures": 0, "PercentageOfBindingSDPConstraints": 0, "NumberOfRLTVariablesAfterLinearization": 203}