{"Itbt": 0, "Pace": 1.82509, "Depth": 85, "Degree": 2, "RPSTime": 46.8637, "FBBTTime": 0, "OBBTTime": 0, "TotalTime": 600.019, "Iterations": 18970, "LinearTime": 552.525, "LowerBound": 1373.93, "TimeVector": [], "UpperBound": 1386.56, "rootBTTime": 0, "LowerBounds": {}, "SolveResult": 402, "UpperBounds": {}, "MaxQueueSize": 9703, "NumberOfSOCC": 0, "VisitedNodes": 37941, "NonLinearTime": 0.604987, "OptimalityGap": 12.6342, "FBBTIterations": 0, "FirstLowerBound": 1045.18, "InfeasibleNodes": 0, "IntNonLinearTime": 0, "LinearSolvingTime": 483.652, "LinearizationTime": 0.0123242, "NumberOfVariables": 28, "CallsToLinearSolver": 37941, "DegreeReductionTime": 0, "FBBTPreparationTime": 0, "FirstNodeIterations": 480, "NumberOfConstraints": 16, "FirstNodeSolvingTime": 0.0219374, "LinearGenerationTime": 51.5392, "MosekLicenseNotFound": 0, "GurobiLicenseNotFound": 0, "KnitroLicenseNotFound": 0, "SDPCutsGenerationTime": 0, "finishedBeforeReading": 0, "CallsToNonLinearSolver": 18, "NumberOfRLTSolvedNodes": 37941, "NumberOfSDPConstraints": 0, "NumberOfSDPSolvedNodes": 0, "NumberOfSOCPSolvedNodes": 0, "PercentageOfBindingSOCC": 0, "LinearPostProcessingTime": 5.78953, "CallsToNonLinearSolverInt": 0, "LinearSolvingTimeBySolver": 477.528, "NodesDiscardedByFathoming": 0, "NodesDiscardedByTolerance": 9269, "finishedBeforeLinearizing": 0, "BoundFactorConstraintsTime": 35.31, "meanBTRelativeChangeRootNode": 0, "NumberOfChangesFromConicToRLT": 0, "NumberOfBoundFactorConstraints": 801, "PercentageOfOBBTSolvedProblems": 0, "NumberOfLAPACKConvergenceFailures": 0, "PercentageOfBindingSDPConstraints": 0, "NumberOfRLTVariablesAfterLinearization": 203}