{"Itbt": 0, "Pace": 0.719209, "Depth": 50, "Degree": 2, "RPSTime": 43.6598, "FBBTTime": 0, "OBBTTime": 0, "TotalTime": 600.054, "Iterations": 5877, "LinearTime": 555.598, "LowerBound": 2657.13, "TimeVector": [], "UpperBound": 2965.35, "rootBTTime": 0, "LowerBounds": {}, "SolveResult": 402, "UpperBounds": {}, "MaxQueueSize": 4859, "NumberOfSOCC": 0, "VisitedNodes": 11755, "NonLinearTime": 0.782363, "OptimalityGap": 308.225, "FBBTIterations": 0, "FirstLowerBound": 1822.88, "InfeasibleNodes": 692, "IntNonLinearTime": 0, "LinearSolvingTime": 516.015, "LinearizationTime": 0.0500669, "NumberOfVariables": 28, "CallsToLinearSolver": 11755, "DegreeReductionTime": 0, "FBBTPreparationTime": 0, "FirstNodeIterations": 1062, "NumberOfConstraints": 16, "FirstNodeSolvingTime": 0.0561457, "LinearGenerationTime": 29.64, "MosekLicenseNotFound": 0, "GurobiLicenseNotFound": 0, "KnitroLicenseNotFound": 0, "SDPCutsGenerationTime": 0, "finishedBeforeReading": 0, "CallsToNonLinearSolver": 16, "NumberOfRLTSolvedNodes": 11755, "NumberOfSDPConstraints": 0, "NumberOfSDPSolvedNodes": 0, "NumberOfSOCPSolvedNodes": 0, "PercentageOfBindingSOCC": 0, "LinearPostProcessingTime": 3.38838, "CallsToNonLinearSolverInt": 0, "LinearSolvingTimeBySolver": 513.936, "NodesDiscardedByFathoming": 0, "NodesDiscardedByTolerance": 327, "finishedBeforeLinearizing": 0, "BoundFactorConstraintsTime": 35.3244, "meanBTRelativeChangeRootNode": 0, "NumberOfChangesFromConicToRLT": 0, "NumberOfBoundFactorConstraints": 1596, "PercentageOfOBBTSolvedProblems": 0, "NumberOfLAPACKConvergenceFailures": 0, "PercentageOfBindingSDPConstraints": 0, "NumberOfRLTVariablesAfterLinearization": 406}