{"Itbt": 0, "Pace": 0.654373, "Depth": 81, "Degree": 2, "RPSTime": 49.7092, "FBBTTime": 0, "OBBTTime": 0, "TotalTime": 600.02, "Iterations": 6320, "LinearTime": 549.963, "LowerBound": 3584.75, "TimeVector": [], "UpperBound": 3854.19, "rootBTTime": 0, "LowerBounds": {}, "SolveResult": 402, "UpperBounds": {}, "MaxQueueSize": 5147, "NumberOfSOCC": 0, "VisitedNodes": 12641, "NonLinearTime": 0.334258, "OptimalityGap": 269.442, "FBBTIterations": 0, "FirstLowerBound": 2667.84, "InfeasibleNodes": 1115, "IntNonLinearTime": 0, "LinearSolvingTime": 510.062, "LinearizationTime": 0.0502509, "NumberOfVariables": 28, "CallsToLinearSolver": 12641, "DegreeReductionTime": 0, "FBBTPreparationTime": 0, "FirstNodeIterations": 1031, "NumberOfConstraints": 23, "FirstNodeSolvingTime": 0.0628417, "LinearGenerationTime": 31.6593, "MosekLicenseNotFound": 0, "GurobiLicenseNotFound": 0, "KnitroLicenseNotFound": 0, "SDPCutsGenerationTime": 0, "finishedBeforeReading": 0, "CallsToNonLinearSolver": 16, "NumberOfRLTSolvedNodes": 12641, "NumberOfSDPConstraints": 0, "NumberOfSDPSolvedNodes": 0, "NumberOfSOCPSolvedNodes": 0, "PercentageOfBindingSOCC": 0, "LinearPostProcessingTime": 3.56365, "CallsToNonLinearSolverInt": 0, "LinearSolvingTimeBySolver": 507.808, "NodesDiscardedByFathoming": 0, "NodesDiscardedByTolerance": 59, "finishedBeforeLinearizing": 0, "BoundFactorConstraintsTime": 38.0678, "meanBTRelativeChangeRootNode": 0, "NumberOfChangesFromConicToRLT": 0, "NumberOfBoundFactorConstraints": 1596, "PercentageOfOBBTSolvedProblems": 0, "NumberOfLAPACKConvergenceFailures": 0, "PercentageOfBindingSDPConstraints": 0, "NumberOfRLTVariablesAfterLinearization": 406}