{"Itbt": 0, "Pace": 0.85905, "Depth": 69, "Degree": 2, "RPSTime": 49.9824, "FBBTTime": 0, "OBBTTime": 0, "TotalTime": 600.013, "Iterations": 6546, "LinearTime": 549.416, "LowerBound": 3096.2, "TimeVector": [], "UpperBound": 3112.64, "rootBTTime": 0, "LowerBounds": {}, "SolveResult": 402, "UpperBounds": {}, "MaxQueueSize": 2594, "NumberOfSOCC": 0, "VisitedNodes": 13093, "NonLinearTime": 0.601831, "OptimalityGap": 16.4433, "FBBTIterations": 0, "FirstLowerBound": 2397.75, "InfeasibleNodes": 1043, "IntNonLinearTime": 0, "LinearSolvingTime": 504.222, "LinearizationTime": 0.0501359, "NumberOfVariables": 28, "CallsToLinearSolver": 13093, "DegreeReductionTime": 0, "FBBTPreparationTime": 0, "FirstNodeIterations": 1024, "NumberOfConstraints": 16, "FirstNodeSolvingTime": 0.0583241, "LinearGenerationTime": 33.101, "MosekLicenseNotFound": 0, "GurobiLicenseNotFound": 0, "KnitroLicenseNotFound": 0, "SDPCutsGenerationTime": 0, "finishedBeforeReading": 0, "CallsToNonLinearSolver": 16, "NumberOfRLTSolvedNodes": 13093, "NumberOfSDPConstraints": 0, "NumberOfSDPSolvedNodes": 0, "NumberOfSOCPSolvedNodes": 0, "PercentageOfBindingSOCC": 0, "LinearPostProcessingTime": 3.7296, "CallsToNonLinearSolverInt": 0, "LinearSolvingTimeBySolver": 501.923, "NodesDiscardedByFathoming": 0, "NodesDiscardedByTolerance": 3010, "finishedBeforeLinearizing": 0, "BoundFactorConstraintsTime": 40.436, "meanBTRelativeChangeRootNode": 0, "NumberOfChangesFromConicToRLT": 0, "NumberOfBoundFactorConstraints": 1596, "PercentageOfOBBTSolvedProblems": 0, "NumberOfLAPACKConvergenceFailures": 0, "PercentageOfBindingSDPConstraints": 0, "NumberOfRLTVariablesAfterLinearization": 406}