{"Itbt": 0, "Pace": 0.902228, "Depth": 95, "Degree": 2, "RPSTime": 53.3901, "FBBTTime": 0, "OBBTTime": 0, "TotalTime": 599.991, "Iterations": 7057, "LinearTime": 545.983, "LowerBound": 3081.02, "TimeVector": [], "UpperBound": 3308.11, "rootBTTime": 0, "LowerBounds": {}, "SolveResult": 402, "UpperBounds": {}, "MaxQueueSize": 5871, "NumberOfSOCC": 0, "VisitedNodes": 14115, "NonLinearTime": 0.604293, "OptimalityGap": 227.085, "FBBTIterations": 0, "FirstLowerBound": 2416.01, "InfeasibleNodes": 0, "IntNonLinearTime": 0, "LinearSolvingTime": 497.503, "LinearizationTime": 0.0499449, "NumberOfVariables": 28, "CallsToLinearSolver": 14115, "DegreeReductionTime": 0, "FBBTPreparationTime": 0, "FirstNodeIterations": 1068, "NumberOfConstraints": 9, "FirstNodeSolvingTime": 0.0559043, "LinearGenerationTime": 35.7976, "MosekLicenseNotFound": 0, "GurobiLicenseNotFound": 0, "KnitroLicenseNotFound": 0, "SDPCutsGenerationTime": 0, "finishedBeforeReading": 0, "CallsToNonLinearSolver": 16, "NumberOfRLTSolvedNodes": 14115, "NumberOfSDPConstraints": 0, "NumberOfSDPSolvedNodes": 0, "NumberOfSOCPSolvedNodes": 0, "PercentageOfBindingSOCC": 0, "LinearPostProcessingTime": 4.4084, "CallsToNonLinearSolverInt": 0, "LinearSolvingTimeBySolver": 494.948, "NodesDiscardedByFathoming": 0, "NodesDiscardedByTolerance": 1187, "finishedBeforeLinearizing": 0, "BoundFactorConstraintsTime": 43.3148, "meanBTRelativeChangeRootNode": 0, "NumberOfChangesFromConicToRLT": 0, "NumberOfBoundFactorConstraints": 1596, "PercentageOfOBBTSolvedProblems": 0, "NumberOfLAPACKConvergenceFailures": 0, "PercentageOfBindingSDPConstraints": 0, "NumberOfRLTVariablesAfterLinearization": 406}