{"Itbt": 0, "Pace": 1.37902, "Depth": 99, "Degree": 2, "RPSTime": 45.1309, "FBBTTime": 0, "OBBTTime": 0, "TotalTime": 600.009, "Iterations": 17083, "LinearTime": 554.43, "LowerBound": 2039.21, "TimeVector": [], "UpperBound": 2086.45, "rootBTTime": 0, "LowerBounds": {}, "SolveResult": 402, "UpperBounds": {}, "MaxQueueSize": 13183, "NumberOfSOCC": 0, "VisitedNodes": 34167, "NonLinearTime": 0.420626, "OptimalityGap": 47.2434, "FBBTIterations": 0, "FirstLowerBound": 1604.12, "InfeasibleNodes": 3093, "IntNonLinearTime": 0, "LinearSolvingTime": 498.422, "LinearizationTime": 0.0124056, "NumberOfVariables": 28, "CallsToLinearSolver": 34167, "DegreeReductionTime": 0, "FBBTPreparationTime": 0, "FirstNodeIterations": 548, "NumberOfConstraints": 23, "FirstNodeSolvingTime": 0.0249472, "LinearGenerationTime": 45.7006, "MosekLicenseNotFound": 0, "GurobiLicenseNotFound": 0, "KnitroLicenseNotFound": 0, "SDPCutsGenerationTime": 0, "finishedBeforeReading": 0, "CallsToNonLinearSolver": 18, "NumberOfRLTSolvedNodes": 34167, "NumberOfSDPConstraints": 0, "NumberOfSDPSolvedNodes": 0, "NumberOfSOCPSolvedNodes": 0, "PercentageOfBindingSOCC": 0, "LinearPostProcessingTime": 4.6392, "CallsToNonLinearSolverInt": 0, "LinearSolvingTimeBySolver": 493.109, "NodesDiscardedByFathoming": 0, "NodesDiscardedByTolerance": 808, "finishedBeforeLinearizing": 0, "BoundFactorConstraintsTime": 30.7779, "meanBTRelativeChangeRootNode": 0, "NumberOfChangesFromConicToRLT": 0, "NumberOfBoundFactorConstraints": 796, "PercentageOfOBBTSolvedProblems": 0, "NumberOfLAPACKConvergenceFailures": 0, "PercentageOfBindingSDPConstraints": 0, "NumberOfRLTVariablesAfterLinearization": 203}