{"Itbt": 0, "Pace": 0.675905, "Depth": 68, "Degree": 2, "RPSTime": 47.6393, "FBBTTime": 0, "OBBTTime": 0, "TotalTime": 600.024, "Iterations": 6031, "LinearTime": 551.891, "LowerBound": 3159.95, "TimeVector": [], "UpperBound": 3435.05, "rootBTTime": 0, "LowerBounds": {}, "SolveResult": 402, "UpperBounds": {}, "MaxQueueSize": 5022, "NumberOfSOCC": 0, "VisitedNodes": 12063, "NonLinearTime": 0.480839, "OptimalityGap": 275.1, "FBBTIterations": 0, "FirstLowerBound": 2272.25, "InfeasibleNodes": 1003, "IntNonLinearTime": 0, "LinearSolvingTime": 513.623, "LinearizationTime": 0.0502206, "NumberOfVariables": 28, "CallsToLinearSolver": 12063, "DegreeReductionTime": 0, "FBBTPreparationTime": 0, "FirstNodeIterations": 967, "NumberOfConstraints": 23, "FirstNodeSolvingTime": 0.0571209, "LinearGenerationTime": 30.4238, "MosekLicenseNotFound": 0, "GurobiLicenseNotFound": 0, "KnitroLicenseNotFound": 0, "SDPCutsGenerationTime": 0, "finishedBeforeReading": 0, "CallsToNonLinearSolver": 16, "NumberOfRLTSolvedNodes": 12063, "NumberOfSDPConstraints": 0, "NumberOfSDPSolvedNodes": 0, "NumberOfSOCPSolvedNodes": 0, "PercentageOfBindingSOCC": 0, "LinearPostProcessingTime": 3.3807, "CallsToNonLinearSolverInt": 0, "LinearSolvingTimeBySolver": 511.454, "NodesDiscardedByFathoming": 0, "NodesDiscardedByTolerance": 7, "finishedBeforeLinearizing": 0, "BoundFactorConstraintsTime": 36.517, "meanBTRelativeChangeRootNode": 0, "NumberOfChangesFromConicToRLT": 0, "NumberOfBoundFactorConstraints": 1596, "PercentageOfOBBTSolvedProblems": 0, "NumberOfLAPACKConvergenceFailures": 0, "PercentageOfBindingSDPConstraints": 0, "NumberOfRLTVariablesAfterLinearization": 406}