{"Itbt": 0, "Pace": 0.242464, "Depth": 13, "Degree": 3, "RPSTime": 36.7237, "FBBTTime": 0, "OBBTTime": 0, "TotalTime": 600.202, "Iterations": 279, "LinearTime": 563.153, "LowerBound": 11267.7, "TimeVector": [], "UpperBound": 12103.7, "rootBTTime": 0, "LowerBounds": {}, "SolveResult": 402, "UpperBounds": {}, "MaxQueueSize": 274, "NumberOfSOCC": 0, "VisitedNodes": 559, "NonLinearTime": 0.306153, "OptimalityGap": 835.933, "FBBTIterations": 0, "FirstLowerBound": 8793.13, "InfeasibleNodes": 7, "IntNonLinearTime": 0, "LinearSolvingTime": 553.652, "LinearizationTime": 0.463762, "NumberOfVariables": 16, "CallsToLinearSolver": 559, "DegreeReductionTime": 0, "FBBTPreparationTime": 0, "FirstNodeIterations": 4045, "NumberOfConstraints": 16, "FirstNodeSolvingTime": 1.15585, "LinearGenerationTime": 7.62964, "MosekLicenseNotFound": 0, "GurobiLicenseNotFound": 0, "KnitroLicenseNotFound": 0, "SDPCutsGenerationTime": 0, "finishedBeforeReading": 0, "CallsToNonLinearSolver": 12, "NumberOfRLTSolvedNodes": 559, "NumberOfSDPConstraints": 0, "NumberOfSDPSolvedNodes": 0, "NumberOfSOCPSolvedNodes": 0, "PercentageOfBindingSOCC": 0, "LinearPostProcessingTime": 0.577872, "CallsToNonLinearSolverInt": 0, "LinearSolvingTimeBySolver": 548.214, "NodesDiscardedByFathoming": 0, "NodesDiscardedByTolerance": 0, "finishedBeforeLinearizing": 0, "BoundFactorConstraintsTime": 34.73, "meanBTRelativeChangeRootNode": 0, "NumberOfChangesFromConicToRLT": 0, "NumberOfBoundFactorConstraints": 5984, "PercentageOfOBBTSolvedProblems": 0, "NumberOfLAPACKConvergenceFailures": 0, "PercentageOfBindingSDPConstraints": 0, "NumberOfRLTVariablesAfterLinearization": 952}