{"Itbt": 0, "Pace": 0.349049, "Depth": 15, "Degree": 3, "RPSTime": 37.5374, "FBBTTime": 0, "OBBTTime": 0, "TotalTime": 600.003, "Iterations": 284, "LinearTime": 562.103, "LowerBound": 10766.3, "TimeVector": [], "UpperBound": 11287.6, "rootBTTime": 0, "LowerBounds": {}, "SolveResult": 402, "UpperBounds": {}, "MaxQueueSize": 248, "NumberOfSOCC": 0, "VisitedNodes": 569, "NonLinearTime": 0.344169, "OptimalityGap": 521.231, "FBBTIterations": 0, "FirstLowerBound": 9047.39, "InfeasibleNodes": 21, "IntNonLinearTime": 0, "LinearSolvingTime": 552.256, "LinearizationTime": 0.459804, "NumberOfVariables": 16, "CallsToLinearSolver": 569, "DegreeReductionTime": 0, "FBBTPreparationTime": 0, "FirstNodeIterations": 4096, "NumberOfConstraints": 16, "FirstNodeSolvingTime": 1.1582, "LinearGenerationTime": 7.96978, "MosekLicenseNotFound": 0, "GurobiLicenseNotFound": 0, "KnitroLicenseNotFound": 0, "SDPCutsGenerationTime": 0, "finishedBeforeReading": 0, "CallsToNonLinearSolver": 12, "NumberOfRLTSolvedNodes": 569, "NumberOfSDPConstraints": 0, "NumberOfSDPSolvedNodes": 0, "NumberOfSOCPSolvedNodes": 0, "PercentageOfBindingSOCC": 0, "LinearPostProcessingTime": 0.575542, "CallsToNonLinearSolverInt": 0, "LinearSolvingTimeBySolver": 547.203, "NodesDiscardedByFathoming": 0, "NodesDiscardedByTolerance": 16, "finishedBeforeLinearizing": 0, "BoundFactorConstraintsTime": 35.4558, "meanBTRelativeChangeRootNode": 0, "NumberOfChangesFromConicToRLT": 0, "NumberOfBoundFactorConstraints": 5984, "PercentageOfOBBTSolvedProblems": 0, "NumberOfLAPACKConvergenceFailures": 0, "PercentageOfBindingSDPConstraints": 0, "NumberOfRLTVariablesAfterLinearization": 952}