{"Itbt": 0, "Pace": 0.973514, "Depth": 36, "Degree": 3, "RPSTime": 35.9037, "FBBTTime": 0, "OBBTTime": 0, "TotalTime": 600.008, "Iterations": 1048, "LinearTime": 563.762, "LowerBound": 5268.36, "TimeVector": [], "UpperBound": 5407, "rootBTTime": 0, "LowerBounds": {}, "SolveResult": 402, "UpperBounds": {}, "MaxQueueSize": 918, "NumberOfSOCC": 0, "VisitedNodes": 2097, "NonLinearTime": 0.330933, "OptimalityGap": 138.641, "FBBTIterations": 0, "FirstLowerBound": 4652.03, "InfeasibleNodes": 30, "IntNonLinearTime": 0, "LinearSolvingTime": 546.725, "LinearizationTime": 0.124553, "NumberOfVariables": 16, "CallsToLinearSolver": 2097, "DegreeReductionTime": 0, "FBBTPreparationTime": 0, "FirstNodeIterations": 2002, "NumberOfConstraints": 8, "FirstNodeSolvingTime": 0.33203, "LinearGenerationTime": 13.9183, "MosekLicenseNotFound": 0, "GurobiLicenseNotFound": 0, "KnitroLicenseNotFound": 0, "SDPCutsGenerationTime": 0, "finishedBeforeReading": 0, "CallsToNonLinearSolver": 14, "NumberOfRLTSolvedNodes": 2097, "NumberOfSDPConstraints": 0, "NumberOfSDPSolvedNodes": 0, "NumberOfSOCPSolvedNodes": 0, "PercentageOfBindingSOCC": 0, "LinearPostProcessingTime": 1.05158, "CallsToNonLinearSolverInt": 0, "LinearSolvingTimeBySolver": 546.3, "NodesDiscardedByFathoming": 0, "NodesDiscardedByTolerance": 102, "finishedBeforeLinearizing": 0, "BoundFactorConstraintsTime": 33.2574, "meanBTRelativeChangeRootNode": 0, "NumberOfChangesFromConicToRLT": 0, "NumberOfBoundFactorConstraints": 2922, "PercentageOfOBBTSolvedProblems": 0, "NumberOfLAPACKConvergenceFailures": 0, "PercentageOfBindingSDPConstraints": 0, "NumberOfRLTVariablesAfterLinearization": 537}