{"Itbt": 0, "Pace": 0.512125, "Depth": 26, "Degree": 3, "RPSTime": 42.7523, "FBBTTime": 0, "OBBTTime": 0, "TotalTime": 600.001, "Iterations": 1155, "LinearTime": 556.913, "LowerBound": 5991.01, "TimeVector": [], "UpperBound": 6136.55, "rootBTTime": 0, "LowerBounds": {}, "SolveResult": 402, "UpperBounds": {}, "MaxQueueSize": 777, "NumberOfSOCC": 0, "VisitedNodes": 2311, "NonLinearTime": 0.323546, "OptimalityGap": 145.539, "FBBTIterations": 0, "FirstLowerBound": 4819.43, "InfeasibleNodes": 274, "IntNonLinearTime": 0, "LinearSolvingTime": 537.696, "LinearizationTime": 0.135756, "NumberOfVariables": 16, "CallsToLinearSolver": 2311, "DegreeReductionTime": 0, "FBBTPreparationTime": 0, "FirstNodeIterations": 1823, "NumberOfConstraints": 16, "FirstNodeSolvingTime": 0.276633, "LinearGenerationTime": 15.8294, "MosekLicenseNotFound": 0, "GurobiLicenseNotFound": 0, "KnitroLicenseNotFound": 0, "SDPCutsGenerationTime": 0, "finishedBeforeReading": 0, "CallsToNonLinearSolver": 14, "NumberOfRLTSolvedNodes": 2311, "NumberOfSDPConstraints": 0, "NumberOfSDPSolvedNodes": 0, "NumberOfSOCPSolvedNodes": 0, "PercentageOfBindingSOCC": 0, "LinearPostProcessingTime": 1.076, "CallsToNonLinearSolverInt": 0, "LinearSolvingTimeBySolver": 537.227, "NodesDiscardedByFathoming": 0, "NodesDiscardedByTolerance": 105, "finishedBeforeLinearizing": 0, "BoundFactorConstraintsTime": 39.6523, "meanBTRelativeChangeRootNode": 0, "NumberOfChangesFromConicToRLT": 0, "NumberOfBoundFactorConstraints": 3000, "PercentageOfOBBTSolvedProblems": 0, "NumberOfLAPACKConvergenceFailures": 0, "PercentageOfBindingSDPConstraints": 0, "NumberOfRLTVariablesAfterLinearization": 544}