{"Itbt": 0, "Pace": 0.662674, "Depth": 22, "Degree": 3, "RPSTime": 42.1848, "FBBTTime": 0, "OBBTTime": 0, "TotalTime": 600.023, "Iterations": 1098, "LinearTime": 557.508, "LowerBound": 5384.71, "TimeVector": [], "UpperBound": 5619.98, "rootBTTime": 0, "LowerBounds": {}, "SolveResult": 402, "UpperBounds": {}, "MaxQueueSize": 874, "NumberOfSOCC": 0, "VisitedNodes": 2197, "NonLinearTime": 0.319544, "OptimalityGap": 235.276, "FBBTIterations": 0, "FirstLowerBound": 4479.29, "InfeasibleNodes": 107, "IntNonLinearTime": 0, "LinearSolvingTime": 539.887, "LinearizationTime": 0.129897, "NumberOfVariables": 16, "CallsToLinearSolver": 2197, "DegreeReductionTime": 0, "FBBTPreparationTime": 0, "FirstNodeIterations": 1948, "NumberOfConstraints": 12, "FirstNodeSolvingTime": 0.333296, "LinearGenerationTime": 14.7809, "MosekLicenseNotFound": 0, "GurobiLicenseNotFound": 0, "KnitroLicenseNotFound": 0, "SDPCutsGenerationTime": 0, "finishedBeforeReading": 0, "CallsToNonLinearSolver": 14, "NumberOfRLTSolvedNodes": 2197, "NumberOfSDPConstraints": 0, "NumberOfSDPSolvedNodes": 0, "NumberOfSOCPSolvedNodes": 0, "PercentageOfBindingSOCC": 0, "LinearPostProcessingTime": 1.10291, "CallsToNonLinearSolverInt": 0, "LinearSolvingTimeBySolver": 539.44, "NodesDiscardedByFathoming": 0, "NodesDiscardedByTolerance": 118, "finishedBeforeLinearizing": 0, "BoundFactorConstraintsTime": 38.6517, "meanBTRelativeChangeRootNode": 0, "NumberOfChangesFromConicToRLT": 0, "NumberOfBoundFactorConstraints": 2998, "PercentageOfOBBTSolvedProblems": 0, "NumberOfLAPACKConvergenceFailures": 0, "PercentageOfBindingSDPConstraints": 0, "NumberOfRLTVariablesAfterLinearization": 543}