{"Itbt": 0, "Pace": 0.414537, "Depth": 13, "Degree": 3, "RPSTime": 36.17, "FBBTTime": 0, "OBBTTime": 0, "TotalTime": 600.19, "Iterations": 275, "LinearTime": 563.674, "LowerBound": 10387.8, "TimeVector": [], "UpperBound": 10642.1, "rootBTTime": 0, "LowerBounds": {}, "SolveResult": 402, "UpperBounds": {}, "MaxQueueSize": 247, "NumberOfSOCC": 0, "VisitedNodes": 551, "NonLinearTime": 0.327792, "OptimalityGap": 254.336, "FBBTIterations": 0, "FirstLowerBound": 8940.4, "InfeasibleNodes": 3, "IntNonLinearTime": 0, "LinearSolvingTime": 554.252, "LinearizationTime": 0.460359, "NumberOfVariables": 16, "CallsToLinearSolver": 551, "DegreeReductionTime": 0, "FBBTPreparationTime": 0, "FirstNodeIterations": 4241, "NumberOfConstraints": 12, "FirstNodeSolvingTime": 1.19484, "LinearGenerationTime": 7.6073, "MosekLicenseNotFound": 0, "GurobiLicenseNotFound": 0, "KnitroLicenseNotFound": 0, "SDPCutsGenerationTime": 0, "finishedBeforeReading": 0, "CallsToNonLinearSolver": 12, "NumberOfRLTSolvedNodes": 551, "NumberOfSDPConstraints": 0, "NumberOfSDPSolvedNodes": 0, "NumberOfSOCPSolvedNodes": 0, "PercentageOfBindingSOCC": 0, "LinearPostProcessingTime": 0.57714, "CallsToNonLinearSolverInt": 0, "LinearSolvingTimeBySolver": 549.111, "NodesDiscardedByFathoming": 0, "NodesDiscardedByTolerance": 27, "finishedBeforeLinearizing": 0, "BoundFactorConstraintsTime": 34.0923, "meanBTRelativeChangeRootNode": 0, "NumberOfChangesFromConicToRLT": 0, "NumberOfBoundFactorConstraints": 5984, "PercentageOfOBBTSolvedProblems": 0, "NumberOfLAPACKConvergenceFailures": 0, "PercentageOfBindingSDPConstraints": 0, "NumberOfRLTVariablesAfterLinearization": 952}