{"Itbt": 0, "Pace": 0.47717, "Depth": 51, "Degree": 3, "RPSTime": 41.6957, "FBBTTime": 0, "OBBTTime": 0, "TotalTime": 599.996, "Iterations": 1037, "LinearTime": 557.958, "LowerBound": 4340.14, "TimeVector": [], "UpperBound": 4473.67, "rootBTTime": 0, "LowerBounds": {}, "SolveResult": 402, "UpperBounds": {}, "MaxQueueSize": 869, "NumberOfSOCC": 0, "VisitedNodes": 2075, "NonLinearTime": 0.331264, "OptimalityGap": 133.534, "FBBTIterations": 0, "FirstLowerBound": 3082.73, "InfeasibleNodes": 97, "IntNonLinearTime": 0, "LinearSolvingTime": 541.052, "LinearizationTime": 0.12836, "NumberOfVariables": 16, "CallsToLinearSolver": 2075, "DegreeReductionTime": 0, "FBBTPreparationTime": 0, "FirstNodeIterations": 2166, "NumberOfConstraints": 12, "FirstNodeSolvingTime": 0.349858, "LinearGenerationTime": 14.2836, "MosekLicenseNotFound": 0, "GurobiLicenseNotFound": 0, "KnitroLicenseNotFound": 0, "SDPCutsGenerationTime": 0, "finishedBeforeReading": 0, "CallsToNonLinearSolver": 14, "NumberOfRLTSolvedNodes": 2075, "NumberOfSDPConstraints": 0, "NumberOfSDPSolvedNodes": 0, "NumberOfSOCPSolvedNodes": 0, "PercentageOfBindingSOCC": 0, "LinearPostProcessingTime": 1.04344, "CallsToNonLinearSolverInt": 0, "LinearSolvingTimeBySolver": 540.627, "NodesDiscardedByFathoming": 0, "NodesDiscardedByTolerance": 72, "finishedBeforeLinearizing": 0, "BoundFactorConstraintsTime": 38.4496, "meanBTRelativeChangeRootNode": 0, "NumberOfChangesFromConicToRLT": 0, "NumberOfBoundFactorConstraints": 3010, "PercentageOfOBBTSolvedProblems": 0, "NumberOfLAPACKConvergenceFailures": 0, "PercentageOfBindingSDPConstraints": 0, "NumberOfRLTVariablesAfterLinearization": 547}