{"Itbt": 0, "Pace": 0.526676, "Depth": 22, "Degree": 3, "RPSTime": 43.251, "FBBTTime": 0, "OBBTTime": 0, "TotalTime": 600.115, "Iterations": 1194, "LinearTime": 556.554, "LowerBound": 5966.04, "TimeVector": [], "UpperBound": 6063.7, "rootBTTime": 0, "LowerBounds": {}, "SolveResult": 402, "UpperBounds": {}, "MaxQueueSize": 891, "NumberOfSOCC": 0, "VisitedNodes": 2389, "NonLinearTime": 0.298842, "OptimalityGap": 97.6554, "FBBTIterations": 0, "FirstLowerBound": 4826.83, "InfeasibleNodes": 140, "IntNonLinearTime": 0, "LinearSolvingTime": 536.088, "LinearizationTime": 0.127148, "NumberOfVariables": 16, "CallsToLinearSolver": 2389, "DegreeReductionTime": 0, "FBBTPreparationTime": 0, "FirstNodeIterations": 1906, "NumberOfConstraints": 16, "FirstNodeSolvingTime": 0.294216, "LinearGenerationTime": 16.8426, "MosekLicenseNotFound": 0, "GurobiLicenseNotFound": 0, "KnitroLicenseNotFound": 0, "SDPCutsGenerationTime": 0, "finishedBeforeReading": 0, "CallsToNonLinearSolver": 14, "NumberOfRLTSolvedNodes": 2389, "NumberOfSDPConstraints": 0, "NumberOfSDPSolvedNodes": 0, "NumberOfSOCPSolvedNodes": 0, "PercentageOfBindingSOCC": 0, "LinearPostProcessingTime": 1.17733, "CallsToNonLinearSolverInt": 0, "LinearSolvingTimeBySolver": 535.6, "NodesDiscardedByFathoming": 0, "NodesDiscardedByTolerance": 165, "finishedBeforeLinearizing": 0, "BoundFactorConstraintsTime": 40.1553, "meanBTRelativeChangeRootNode": 0, "NumberOfChangesFromConicToRLT": 0, "NumberOfBoundFactorConstraints": 2964, "PercentageOfOBBTSolvedProblems": 0, "NumberOfLAPACKConvergenceFailures": 0, "PercentageOfBindingSDPConstraints": 0, "NumberOfRLTVariablesAfterLinearization": 540}