{"Itbt": 0, "Pace": 0.293076, "Depth": 19, "Degree": 3, "RPSTime": 33.8166, "FBBTTime": 0, "OBBTTime": 0, "TotalTime": 600.175, "Iterations": 265, "LinearTime": 565.91, "LowerBound": 11107.7, "TimeVector": [], "UpperBound": 11557.2, "rootBTTime": 0, "LowerBounds": {}, "SolveResult": 402, "UpperBounds": {}, "MaxQueueSize": 234, "NumberOfSOCC": 0, "VisitedNodes": 531, "NonLinearTime": 0.430759, "OptimalityGap": 449.425, "FBBTIterations": 0, "FirstLowerBound": 9060.48, "InfeasibleNodes": 3, "IntNonLinearTime": 0, "LinearSolvingTime": 556.902, "LinearizationTime": 0.462033, "NumberOfVariables": 16, "CallsToLinearSolver": 531, "DegreeReductionTime": 0, "FBBTPreparationTime": 0, "FirstNodeIterations": 4269, "NumberOfConstraints": 12, "FirstNodeSolvingTime": 1.25423, "LinearGenerationTime": 7.3204, "MosekLicenseNotFound": 0, "GurobiLicenseNotFound": 0, "KnitroLicenseNotFound": 0, "SDPCutsGenerationTime": 0, "finishedBeforeReading": 0, "CallsToNonLinearSolver": 12, "NumberOfRLTSolvedNodes": 531, "NumberOfSDPConstraints": 0, "NumberOfSDPSolvedNodes": 0, "NumberOfSOCPSolvedNodes": 0, "PercentageOfBindingSOCC": 0, "LinearPostProcessingTime": 0.545329, "CallsToNonLinearSolverInt": 0, "LinearSolvingTimeBySolver": 551.56, "NodesDiscardedByFathoming": 0, "NodesDiscardedByTolerance": 30, "finishedBeforeLinearizing": 0, "BoundFactorConstraintsTime": 31.8097, "meanBTRelativeChangeRootNode": 0, "NumberOfChangesFromConicToRLT": 0, "NumberOfBoundFactorConstraints": 5984, "PercentageOfOBBTSolvedProblems": 0, "NumberOfLAPACKConvergenceFailures": 0, "PercentageOfBindingSDPConstraints": 0, "NumberOfRLTVariablesAfterLinearization": 952}