{"Itbt": 0, "Pace": 600000, "Depth": 23, "Degree": 2, "RPSTime": 115.756, "FBBTTime": 0, "OBBTTime": 0, "TotalTime": 600.042, "Iterations": 22042, "LinearTime": 459.834, "LowerBound": 5, "TimeVector": [], "UpperBound": 11.7209, "rootBTTime": 0, "LowerBounds": {}, "SolveResult": 402, "UpperBounds": {}, "MaxQueueSize": 19820, "NumberOfSOCC": 0, "VisitedNodes": 44085, "NonLinearTime": 24.4027, "OptimalityGap": 6.72093, "FBBTIterations": 0, "FirstLowerBound": 5, "InfeasibleNodes": 2222, "IntNonLinearTime": 0, "LinearSolvingTime": 297.138, "LinearizationTime": 0.0295659, "NumberOfVariables": 25, "CallsToLinearSolver": 44085, "DegreeReductionTime": 0, "FBBTPreparationTime": 0, "FirstNodeIterations": 168, "NumberOfConstraints": 474, "FirstNodeSolvingTime": 0.0120723, "LinearGenerationTime": 140.351, "MosekLicenseNotFound": 0, "GurobiLicenseNotFound": 0, "KnitroLicenseNotFound": 0, "SDPCutsGenerationTime": 0, "finishedBeforeReading": 0, "CallsToNonLinearSolver": 34, "NumberOfRLTSolvedNodes": 44085, "NumberOfSDPConstraints": 0, "NumberOfSDPSolvedNodes": 0, "NumberOfSOCPSolvedNodes": 0, "PercentageOfBindingSOCC": 0, "LinearPostProcessingTime": 10.7905, "CallsToNonLinearSolverInt": 0, "LinearSolvingTimeBySolver": 289.941, "NodesDiscardedByFathoming": 0, "NodesDiscardedByTolerance": 1, "finishedBeforeLinearizing": 0, "BoundFactorConstraintsTime": 60.5604, "meanBTRelativeChangeRootNode": 0, "NumberOfChangesFromConicToRLT": 0, "NumberOfBoundFactorConstraints": 1008, "PercentageOfOBBTSolvedProblems": 0, "NumberOfLAPACKConvergenceFailures": 0, "PercentageOfBindingSDPConstraints": 0, "NumberOfRLTVariablesAfterLinearization": 258}