{"Itbt": 0, "Pace": 29.8506, "Depth": 92, "Degree": 2, "RPSTime": 74.1742, "FBBTTime": 0, "OBBTTime": 0, "TotalTime": 599.974, "Iterations": 8769, "LinearTime": 515.495, "LowerBound": 153.713, "TimeVector": [], "UpperBound": 662.807, "rootBTTime": 0, "LowerBounds": {}, "SolveResult": 402, "UpperBounds": {}, "MaxQueueSize": 710, "NumberOfSOCC": 0, "VisitedNodes": 17539, "NonLinearTime": 10.2779, "OptimalityGap": 509.094, "FBBTIterations": 0, "FirstLowerBound": 133.614, "InfeasibleNodes": 8060, "IntNonLinearTime": 0, "LinearSolvingTime": 431.47, "LinearizationTime": 0.149422, "NumberOfVariables": 320, "CallsToLinearSolver": 17539, "DegreeReductionTime": 0, "FBBTPreparationTime": 0, "FirstNodeIterations": 804, "NumberOfConstraints": 136, "FirstNodeSolvingTime": 0.0358306, "LinearGenerationTime": 67.7759, "MosekLicenseNotFound": 0, "GurobiLicenseNotFound": 0, "KnitroLicenseNotFound": 0, "SDPCutsGenerationTime": 0, "finishedBeforeReading": 0, "CallsToNonLinearSolver": 17, "NumberOfRLTSolvedNodes": 17539, "NumberOfSDPConstraints": 0, "NumberOfSDPSolvedNodes": 0, "NumberOfSOCPSolvedNodes": 0, "PercentageOfBindingSOCC": 0, "LinearPostProcessingTime": 5.09173, "CallsToNonLinearSolverInt": 0, "LinearSolvingTimeBySolver": 427.996, "NodesDiscardedByFathoming": 0, "NodesDiscardedByTolerance": 0, "finishedBeforeLinearizing": 0, "BoundFactorConstraintsTime": 43.388, "meanBTRelativeChangeRootNode": 0, "NumberOfChangesFromConicToRLT": 0, "NumberOfBoundFactorConstraints": 2700, "PercentageOfOBBTSolvedProblems": 0, "NumberOfLAPACKConvergenceFailures": 0, "PercentageOfBindingSDPConstraints": 0, "NumberOfRLTVariablesAfterLinearization": 675}