{"Itbt": 0, "Pace": 599819, "Depth": 18, "Degree": 2, "RPSTime": 100.226, "FBBTTime": 0, "OBBTTime": 0, "TotalTime": 599.819, "Iterations": 75794, "LinearTime": 497.318, "LowerBound": 0, "TimeVector": [], "UpperBound": 2.84872, "rootBTTime": 0, "LowerBounds": {}, "SolveResult": 402, "UpperBounds": {}, "MaxQueueSize": 43743, "NumberOfSOCC": 0, "VisitedNodes": 151589, "NonLinearTime": 2.25272, "OptimalityGap": 2.84872, "FBBTIterations": 0, "FirstLowerBound": 0, "InfeasibleNodes": 31998, "IntNonLinearTime": 0, "LinearSolvingTime": 338.45, "LinearizationTime": 0.00483669, "NumberOfVariables": 158, "CallsToLinearSolver": 151589, "DegreeReductionTime": 0, "FBBTPreparationTime": 0, "FirstNodeIterations": 114, "NumberOfConstraints": 172, "FirstNodeSolvingTime": 0.00611843, "LinearGenerationTime": 128.903, "MosekLicenseNotFound": 0, "GurobiLicenseNotFound": 0, "KnitroLicenseNotFound": 0, "SDPCutsGenerationTime": 0, "finishedBeforeReading": 0, "CallsToNonLinearSolver": 20, "NumberOfRLTSolvedNodes": 151589, "NumberOfSDPConstraints": 0, "NumberOfSDPSolvedNodes": 0, "NumberOfSOCPSolvedNodes": 0, "PercentageOfBindingSOCC": 0, "LinearPostProcessingTime": 15.0853, "CallsToNonLinearSolverInt": 0, "LinearSolvingTimeBySolver": 326.615, "NodesDiscardedByFathoming": 54, "NodesDiscardedByTolerance": 0, "finishedBeforeLinearizing": 0, "BoundFactorConstraintsTime": 55.705, "meanBTRelativeChangeRootNode": 0, "NumberOfChangesFromConicToRLT": 0, "NumberOfBoundFactorConstraints": 434, "PercentageOfOBBTSolvedProblems": 0, "NumberOfLAPACKConvergenceFailures": 0, "PercentageOfBindingSDPConstraints": 0, "NumberOfRLTVariablesAfterLinearization": 111}