{"Itbt": 0, "Pace": 599854, "Depth": 24, "Degree": 2, "RPSTime": 157.111, "FBBTTime": 0, "OBBTTime": 0, "TotalTime": 599.854, "Iterations": 12678, "LinearTime": 434.986, "LowerBound": 0, "TimeVector": [], "UpperBound": 590.238, "rootBTTime": 0, "LowerBounds": {}, "SolveResult": 402, "UpperBounds": {}, "MaxQueueSize": 2043, "NumberOfSOCC": 0, "VisitedNodes": 25357, "NonLinearTime": 7.70815, "OptimalityGap": 590.238, "FBBTIterations": 0, "FirstLowerBound": 0, "InfeasibleNodes": 10636, "IntNonLinearTime": 0, "LinearSolvingTime": 255.356, "LinearizationTime": 0.288376, "NumberOfVariables": 485, "CallsToLinearSolver": 25357, "DegreeReductionTime": 0, "FBBTPreparationTime": 0, "FirstNodeIterations": 452, "NumberOfConstraints": 148, "FirstNodeSolvingTime": 0.0380891, "LinearGenerationTime": 137.618, "MosekLicenseNotFound": 0, "GurobiLicenseNotFound": 0, "KnitroLicenseNotFound": 0, "SDPCutsGenerationTime": 0, "finishedBeforeReading": 0, "CallsToNonLinearSolver": 17, "NumberOfRLTSolvedNodes": 25357, "NumberOfSDPConstraints": 0, "NumberOfSDPSolvedNodes": 0, "NumberOfSOCPSolvedNodes": 0, "PercentageOfBindingSOCC": 0, "LinearPostProcessingTime": 11.6129, "CallsToNonLinearSolverInt": 0, "LinearSolvingTimeBySolver": 249.495, "NodesDiscardedByFathoming": 0, "NodesDiscardedByTolerance": 0, "finishedBeforeLinearizing": 0, "BoundFactorConstraintsTime": 91.8602, "meanBTRelativeChangeRootNode": 0, "NumberOfChangesFromConicToRLT": 0, "NumberOfBoundFactorConstraints": 3744, "PercentageOfOBBTSolvedProblems": 0, "NumberOfLAPACKConvergenceFailures": 0, "PercentageOfBindingSDPConstraints": 0, "NumberOfRLTVariablesAfterLinearization": 936}