{"Itbt": 0, "Pace": 2.35702, "Depth": 7537, "Degree": 2, "RPSTime": 67.3242, "FBBTTime": 0, "OBBTTime": 0, "TotalTime": 600.007, "Iterations": 89110, "LinearTime": 525.444, "LowerBound": 479.558, "TimeVector": [], "UpperBound": 586.68, "rootBTTime": 0, "LowerBounds": {}, "SolveResult": 402, "UpperBounds": {}, "MaxQueueSize": 37383, "NumberOfSOCC": 0, "VisitedNodes": 178221, "NonLinearTime": 7.21753, "OptimalityGap": 107.122, "FBBTIterations": 0, "FirstLowerBound": 225, "InfeasibleNodes": 9751, "IntNonLinearTime": 0, "LinearSolvingTime": 399.6, "LinearizationTime": 0.00163522, "NumberOfVariables": 155, "CallsToLinearSolver": 178221, "DegreeReductionTime": 0, "FBBTPreparationTime": 0, "FirstNodeIterations": 54, "NumberOfConstraints": 137, "FirstNodeSolvingTime": 0.0178901, "LinearGenerationTime": 100.905, "MosekLicenseNotFound": 0, "GurobiLicenseNotFound": 0, "KnitroLicenseNotFound": 0, "SDPCutsGenerationTime": 0, "finishedBeforeReading": 0, "CallsToNonLinearSolver": 20, "NumberOfRLTSolvedNodes": 178221, "NumberOfSDPConstraints": 0, "NumberOfSDPSolvedNodes": 0, "NumberOfSOCPSolvedNodes": 0, "PercentageOfBindingSOCC": 0, "LinearPostProcessingTime": 15.038, "CallsToNonLinearSolverInt": 0, "LinearSolvingTimeBySolver": 386.843, "NodesDiscardedByFathoming": 0, "NodesDiscardedByTolerance": 41977, "finishedBeforeLinearizing": 0, "BoundFactorConstraintsTime": 30.6221, "meanBTRelativeChangeRootNode": 0, "NumberOfChangesFromConicToRLT": 0, "NumberOfBoundFactorConstraints": 240, "PercentageOfOBBTSolvedProblems": 0, "NumberOfLAPACKConvergenceFailures": 0, "PercentageOfBindingSDPConstraints": 0, "NumberOfRLTVariablesAfterLinearization": 60}