{"Itbt": 0, "Pace": 14.0578, "Depth": 79, "Degree": 2, "RPSTime": 99.1092, "FBBTTime": 0, "OBBTTime": 0, "TotalTime": 600.011, "Iterations": 40525, "LinearTime": 498.088, "LowerBound": 300.957, "TimeVector": [], "UpperBound": 403.196, "rootBTTime": 0, "LowerBounds": {}, "SolveResult": 402, "UpperBounds": {}, "MaxQueueSize": 10225, "NumberOfSOCC": 0, "VisitedNodes": 81051, "NonLinearTime": 2.79793, "OptimalityGap": 102.239, "FBBTIterations": 0, "FirstLowerBound": 258.277, "InfeasibleNodes": 30301, "IntNonLinearTime": 0, "LinearSolvingTime": 357.808, "LinearizationTime": 0.0156428, "NumberOfVariables": 170, "CallsToLinearSolver": 81051, "DegreeReductionTime": 0, "FBBTPreparationTime": 0, "FirstNodeIterations": 306, "NumberOfConstraints": 83, "FirstNodeSolvingTime": 0.009902, "LinearGenerationTime": 116.71, "MosekLicenseNotFound": 0, "GurobiLicenseNotFound": 0, "KnitroLicenseNotFound": 0, "SDPCutsGenerationTime": 0, "finishedBeforeReading": 0, "CallsToNonLinearSolver": 19, "NumberOfRLTSolvedNodes": 81051, "NumberOfSDPConstraints": 0, "NumberOfSDPSolvedNodes": 0, "NumberOfSOCPSolvedNodes": 0, "PercentageOfBindingSOCC": 0, "LinearPostProcessingTime": 9.53515, "CallsToNonLinearSolverInt": 0, "LinearSolvingTimeBySolver": 348.787, "NodesDiscardedByFathoming": 0, "NodesDiscardedByTolerance": 0, "finishedBeforeLinearizing": 0, "BoundFactorConstraintsTime": 55.2026, "meanBTRelativeChangeRootNode": 0, "NumberOfChangesFromConicToRLT": 0, "NumberOfBoundFactorConstraints": 880, "PercentageOfOBBTSolvedProblems": 0, "NumberOfLAPACKConvergenceFailures": 0, "PercentageOfBindingSDPConstraints": 0, "NumberOfRLTVariablesAfterLinearization": 220}