{"Itbt": 0, "Pace": 26.1938, "Depth": 41, "Degree": 2, "RPSTime": 64.5083, "FBBTTime": 0, "OBBTTime": 0, "TotalTime": 600.017, "Iterations": 7626, "LinearTime": 526.009, "LowerBound": 255.328, "TimeVector": [], "UpperBound": 556.675, "rootBTTime": 0, "LowerBounds": {}, "SolveResult": 402, "UpperBounds": {}, "MaxQueueSize": 4161, "NumberOfSOCC": 0, "VisitedNodes": 15253, "NonLinearTime": 9.37921, "OptimalityGap": 301.347, "FBBTIterations": 0, "FirstLowerBound": 232.423, "InfeasibleNodes": 3466, "IntNonLinearTime": 0, "LinearSolvingTime": 458.805, "LinearizationTime": 0.121198, "NumberOfVariables": 424, "CallsToLinearSolver": 15253, "DegreeReductionTime": 0, "FBBTPreparationTime": 0, "FirstNodeIterations": 927, "NumberOfConstraints": 128, "FirstNodeSolvingTime": 0.0702394, "LinearGenerationTime": 53.3995, "MosekLicenseNotFound": 0, "GurobiLicenseNotFound": 0, "KnitroLicenseNotFound": 0, "SDPCutsGenerationTime": 0, "finishedBeforeReading": 0, "CallsToNonLinearSolver": 16, "NumberOfRLTSolvedNodes": 15253, "NumberOfSDPConstraints": 0, "NumberOfSDPSolvedNodes": 0, "NumberOfSOCPSolvedNodes": 0, "PercentageOfBindingSOCC": 0, "LinearPostProcessingTime": 5.939, "CallsToNonLinearSolverInt": 0, "LinearSolvingTimeBySolver": 450.943, "NodesDiscardedByFathoming": 0, "NodesDiscardedByTolerance": 0, "finishedBeforeLinearizing": 0, "BoundFactorConstraintsTime": 41.2422, "meanBTRelativeChangeRootNode": 0, "NumberOfChangesFromConicToRLT": 0, "NumberOfBoundFactorConstraints": 2304, "PercentageOfOBBTSolvedProblems": 0, "NumberOfLAPACKConvergenceFailures": 0, "PercentageOfBindingSDPConstraints": 0, "NumberOfRLTVariablesAfterLinearization": 576}