{"Itbt": 0, "Pace": 5.86807, "Depth": 35, "Degree": 2, "RPSTime": 122.862, "FBBTTime": 0, "OBBTTime": 0, "TotalTime": 599.939, "Iterations": 15321, "LinearTime": 468.771, "LowerBound": -697.616, "TimeVector": [], "UpperBound": -689.161, "rootBTTime": 0, "LowerBounds": {}, "SolveResult": 402, "UpperBounds": {}, "MaxQueueSize": 12202, "NumberOfSOCC": 0, "VisitedNodes": 30643, "NonLinearTime": 8.24286, "OptimalityGap": 8.4557, "FBBTIterations": 0, "FirstLowerBound": -799.853, "InfeasibleNodes": 2583, "IntNonLinearTime": 0, "LinearSolvingTime": 360.304, "LinearizationTime": 0.0510313, "NumberOfVariables": 208, "CallsToLinearSolver": 30643, "DegreeReductionTime": 0, "FBBTPreparationTime": 0, "FirstNodeIterations": 514, "NumberOfConstraints": 412, "FirstNodeSolvingTime": 0.0176157, "LinearGenerationTime": 89.6148, "MosekLicenseNotFound": 0, "GurobiLicenseNotFound": 0, "KnitroLicenseNotFound": 0, "SDPCutsGenerationTime": 0, "finishedBeforeReading": 0, "CallsToNonLinearSolver": 17, "NumberOfRLTSolvedNodes": 30643, "NumberOfSDPConstraints": 0, "NumberOfSDPSolvedNodes": 0, "NumberOfSOCPSolvedNodes": 0, "PercentageOfBindingSOCC": 0, "LinearPostProcessingTime": 9.76504, "CallsToNonLinearSolverInt": 0, "LinearSolvingTimeBySolver": 355.023, "NodesDiscardedByFathoming": 0, "NodesDiscardedByTolerance": 537, "finishedBeforeLinearizing": 0, "BoundFactorConstraintsTime": 87.0136, "meanBTRelativeChangeRootNode": 0, "NumberOfChangesFromConicToRLT": 0, "NumberOfBoundFactorConstraints": 1440, "PercentageOfOBBTSolvedProblems": 0, "NumberOfLAPACKConvergenceFailures": 0, "PercentageOfBindingSDPConstraints": 0, "NumberOfRLTVariablesAfterLinearization": 360}