{"Itbt": 0, "Pace": 600000, "Depth": 57, "Degree": 2, "RPSTime": 163.41, "FBBTTime": 0, "OBBTTime": 0, "TotalTime": 600.022, "Iterations": 43707, "LinearTime": 432.04, "LowerBound": 1017.2, "TimeVector": [], "UpperBound": 1564.96, "rootBTTime": 0, "LowerBounds": {}, "SolveResult": 402, "UpperBounds": {}, "MaxQueueSize": 32280, "NumberOfSOCC": 0, "VisitedNodes": 87415, "NonLinearTime": 4.54471, "OptimalityGap": 547.758, "FBBTIterations": 0, "FirstLowerBound": 1017.2, "InfeasibleNodes": 11377, "IntNonLinearTime": 0, "LinearSolvingTime": 241.148, "LinearizationTime": 0.0206817, "NumberOfVariables": 382, "CallsToLinearSolver": 87415, "DegreeReductionTime": 0, "FBBTPreparationTime": 0, "FirstNodeIterations": 158, "NumberOfConstraints": 83, "FirstNodeSolvingTime": 0.00961412, "LinearGenerationTime": 147.331, "MosekLicenseNotFound": 0, "GurobiLicenseNotFound": 0, "KnitroLicenseNotFound": 0, "SDPCutsGenerationTime": 0, "finishedBeforeReading": 0, "CallsToNonLinearSolver": 19, "NumberOfRLTSolvedNodes": 87415, "NumberOfSDPConstraints": 0, "NumberOfSDPSolvedNodes": 0, "NumberOfSOCPSolvedNodes": 0, "PercentageOfBindingSOCC": 0, "LinearPostProcessingTime": 20.0171, "CallsToNonLinearSolverInt": 0, "LinearSolvingTimeBySolver": 231.867, "NodesDiscardedByFathoming": 0, "NodesDiscardedByTolerance": 51, "finishedBeforeLinearizing": 0, "BoundFactorConstraintsTime": 56.588, "meanBTRelativeChangeRootNode": 0, "NumberOfChangesFromConicToRLT": 0, "NumberOfBoundFactorConstraints": 1020, "PercentageOfOBBTSolvedProblems": 0, "NumberOfLAPACKConvergenceFailures": 0, "PercentageOfBindingSDPConstraints": 0, "NumberOfRLTVariablesAfterLinearization": 255}