{"Itbt": 0, "Pace": 587574, "Depth": 47, "Degree": 2, "RPSTime": 65.4315, "FBBTTime": 0, "OBBTTime": 0, "TotalTime": 587.574, "Iterations": 8469, "LinearTime": 321.3, "LowerBound": 1017.2, "TimeVector": [], "UpperBound": 1564.96, "rootBTTime": 0, "LowerBounds": {}, "SolveResult": 402, "UpperBounds": {}, "MaxQueueSize": 6311, "NumberOfSOCC": 0, "VisitedNodes": 16939, "NonLinearTime": 200.703, "OptimalityGap": 547.758, "FBBTIterations": 0, "FirstLowerBound": 1017.2, "InfeasibleNodes": 1766, "IntNonLinearTime": 0, "LinearSolvingTime": 239.797, "LinearizationTime": 0.100566, "NumberOfVariables": 1039, "CallsToLinearSolver": 16939, "DegreeReductionTime": 0, "FBBTPreparationTime": 0, "FirstNodeIterations": 313, "NumberOfConstraints": 782, "FirstNodeSolvingTime": 0.0340708, "LinearGenerationTime": 64.1004, "MosekLicenseNotFound": 0, "GurobiLicenseNotFound": 0, "KnitroLicenseNotFound": 0, "SDPCutsGenerationTime": 0, "finishedBeforeReading": 0, "CallsToNonLinearSolver": 17, "NumberOfRLTSolvedNodes": 16939, "NumberOfSDPConstraints": 0, "NumberOfSDPSolvedNodes": 0, "NumberOfSOCPSolvedNodes": 0, "PercentageOfBindingSOCC": 0, "LinearPostProcessingTime": 9.82766, "CallsToNonLinearSolverInt": 0, "LinearSolvingTimeBySolver": 236.406, "NodesDiscardedByFathoming": 0, "NodesDiscardedByTolerance": 393, "finishedBeforeLinearizing": 0, "BoundFactorConstraintsTime": 38.5178, "meanBTRelativeChangeRootNode": 0, "NumberOfChangesFromConicToRLT": 0, "NumberOfBoundFactorConstraints": 1920, "PercentageOfOBBTSolvedProblems": 0, "NumberOfLAPACKConvergenceFailures": 0, "PercentageOfBindingSDPConstraints": 0, "NumberOfRLTVariablesAfterLinearization": 480}