{"Itbt": 0, "Pace": 112.04, "Depth": 61, "Degree": 2, "RPSTime": 61.6401, "FBBTTime": 0, "OBBTTime": 0, "TotalTime": 600.025, "Iterations": 20725, "LinearTime": 480.008, "LowerBound": 653.354, "TimeVector": [], "UpperBound": 1201.04, "rootBTTime": 0, "LowerBounds": {}, "SolveResult": 402, "UpperBounds": {}, "MaxQueueSize": 10594, "NumberOfSOCC": 0, "VisitedNodes": 41451, "NonLinearTime": 58.3358, "OptimalityGap": 547.684, "FBBTIterations": 0, "FirstLowerBound": 648, "InfeasibleNodes": 1044, "IntNonLinearTime": 0, "LinearSolvingTime": 384.384, "LinearizationTime": 0.0209291, "NumberOfVariables": 516, "CallsToLinearSolver": 41451, "DegreeReductionTime": 0, "FBBTPreparationTime": 0, "FirstNodeIterations": 202, "NumberOfConstraints": 407, "FirstNodeSolvingTime": 0.0122951, "LinearGenerationTime": 75.3461, "MosekLicenseNotFound": 0, "GurobiLicenseNotFound": 0, "KnitroLicenseNotFound": 0, "SDPCutsGenerationTime": 0, "finishedBeforeReading": 0, "CallsToNonLinearSolver": 18, "NumberOfRLTSolvedNodes": 41451, "NumberOfSDPConstraints": 0, "NumberOfSDPSolvedNodes": 0, "NumberOfSOCPSolvedNodes": 0, "PercentageOfBindingSOCC": 0, "LinearPostProcessingTime": 12.6976, "CallsToNonLinearSolverInt": 0, "LinearSolvingTimeBySolver": 377.684, "NodesDiscardedByFathoming": 0, "NodesDiscardedByTolerance": 9088, "finishedBeforeLinearizing": 0, "BoundFactorConstraintsTime": 33.0732, "meanBTRelativeChangeRootNode": 0, "NumberOfChangesFromConicToRLT": 0, "NumberOfBoundFactorConstraints": 880, "PercentageOfOBBTSolvedProblems": 0, "NumberOfLAPACKConvergenceFailures": 0, "PercentageOfBindingSDPConstraints": 0, "NumberOfRLTVariablesAfterLinearization": 220}