{"Itbt": 0, "Pace": 600000, "Depth": 27, "Degree": 2, "RPSTime": 133.007, "FBBTTime": 0, "OBBTTime": 0, "TotalTime": 600.011, "Iterations": 175354, "LinearTime": 465.384, "LowerBound": 1024.8, "TimeVector": [], "UpperBound": 2149.02, "rootBTTime": 0, "LowerBounds": {}, "SolveResult": 402, "UpperBounds": {}, "MaxQueueSize": 102780, "NumberOfSOCC": 0, "VisitedNodes": 350709, "NonLinearTime": 1.58661, "OptimalityGap": 1124.22, "FBBTIterations": 0, "FirstLowerBound": 1024.8, "InfeasibleNodes": 70897, "IntNonLinearTime": 0, "LinearSolvingTime": 263.265, "LinearizationTime": 0.00131986, "NumberOfVariables": 118, "CallsToLinearSolver": 350709, "DegreeReductionTime": 0, "FBBTPreparationTime": 0, "FirstNodeIterations": 54, "NumberOfConstraints": 42, "FirstNodeSolvingTime": 0.00503169, "LinearGenerationTime": 163.59, "MosekLicenseNotFound": 0, "GurobiLicenseNotFound": 0, "KnitroLicenseNotFound": 0, "SDPCutsGenerationTime": 0, "finishedBeforeReading": 0, "CallsToNonLinearSolver": 21, "NumberOfRLTSolvedNodes": 350709, "NumberOfSDPConstraints": 0, "NumberOfSDPSolvedNodes": 0, "NumberOfSOCPSolvedNodes": 0, "PercentageOfBindingSOCC": 0, "LinearPostProcessingTime": 18.5985, "CallsToNonLinearSolverInt": 0, "LinearSolvingTimeBySolver": 244.633, "NodesDiscardedByFathoming": 0, "NodesDiscardedByTolerance": 1678, "finishedBeforeLinearizing": 0, "BoundFactorConstraintsTime": 41.4126, "meanBTRelativeChangeRootNode": 0, "NumberOfChangesFromConicToRLT": 0, "NumberOfBoundFactorConstraints": 252, "PercentageOfOBBTSolvedProblems": 0, "NumberOfLAPACKConvergenceFailures": 0, "PercentageOfBindingSDPConstraints": 0, "NumberOfRLTVariablesAfterLinearization": 63}