{"Itbt": 0, "Pace": 18.215, "Depth": 4369, "Degree": 2, "RPSTime": 45.1465, "FBBTTime": 0, "OBBTTime": 0, "TotalTime": 599.73, "Iterations": 43060, "LinearTime": 458.056, "LowerBound": 370.578, "TimeVector": [], "UpperBound": 513.001, "rootBTTime": 0, "LowerBounds": {}, "SolveResult": 402, "UpperBounds": {}, "MaxQueueSize": 23300, "NumberOfSOCC": 0, "VisitedNodes": 86121, "NonLinearTime": 96.5096, "OptimalityGap": 142.422, "FBBTIterations": 0, "FirstLowerBound": 337.654, "InfeasibleNodes": 8299, "IntNonLinearTime": 0, "LinearSolvingTime": 371.851, "LinearizationTime": 0.00361967, "NumberOfVariables": 208, "CallsToLinearSolver": 86121, "DegreeReductionTime": 0, "FBBTPreparationTime": 0, "FirstNodeIterations": 84, "NumberOfConstraints": 204, "FirstNodeSolvingTime": 0.0063146, "LinearGenerationTime": 69.4858, "MosekLicenseNotFound": 0, "GurobiLicenseNotFound": 0, "KnitroLicenseNotFound": 0, "SDPCutsGenerationTime": 0, "finishedBeforeReading": 0, "CallsToNonLinearSolver": 19, "NumberOfRLTSolvedNodes": 86121, "NumberOfSDPConstraints": 0, "NumberOfSDPSolvedNodes": 0, "NumberOfSOCPSolvedNodes": 0, "PercentageOfBindingSOCC": 0, "LinearPostProcessingTime": 9.99285, "CallsToNonLinearSolverInt": 0, "LinearSolvingTimeBySolver": 363.606, "NodesDiscardedByFathoming": 1227, "NodesDiscardedByTolerance": 10235, "finishedBeforeLinearizing": 0, "BoundFactorConstraintsTime": 21.3865, "meanBTRelativeChangeRootNode": 0, "NumberOfChangesFromConicToRLT": 0, "NumberOfBoundFactorConstraints": 360, "PercentageOfOBBTSolvedProblems": 0, "NumberOfLAPACKConvergenceFailures": 0, "PercentageOfBindingSDPConstraints": 0, "NumberOfRLTVariablesAfterLinearization": 90}