{"Itbt": 0, "Pace": 599965, "Depth": 50, "Degree": 2, "RPSTime": 150.111, "FBBTTime": 0, "OBBTTime": 0, "TotalTime": 599.965, "Iterations": 176489, "LinearTime": 448.274, "LowerBound": 213.266, "TimeVector": [], "UpperBound": 513.001, "rootBTTime": 0, "LowerBounds": {}, "SolveResult": 402, "UpperBounds": {}, "MaxQueueSize": 91641, "NumberOfSOCC": 0, "VisitedNodes": 352979, "NonLinearTime": 1.54643, "OptimalityGap": 299.735, "FBBTIterations": 0, "FirstLowerBound": 213.266, "InfeasibleNodes": 2584, "IntNonLinearTime": 0, "LinearSolvingTime": 237.255, "LinearizationTime": 0.00162677, "NumberOfVariables": 74, "CallsToLinearSolver": 352979, "DegreeReductionTime": 0, "FBBTPreparationTime": 0, "FirstNodeIterations": 39, "NumberOfConstraints": 46, "FirstNodeSolvingTime": 0.00521326, "LinearGenerationTime": 167.953, "MosekLicenseNotFound": 0, "GurobiLicenseNotFound": 0, "KnitroLicenseNotFound": 0, "SDPCutsGenerationTime": 0, "finishedBeforeReading": 0, "CallsToNonLinearSolver": 21, "NumberOfRLTSolvedNodes": 352979, "NumberOfSDPConstraints": 0, "NumberOfSDPSolvedNodes": 0, "NumberOfSOCPSolvedNodes": 0, "PercentageOfBindingSOCC": 0, "LinearPostProcessingTime": 21.64, "CallsToNonLinearSolverInt": 0, "LinearSolvingTimeBySolver": 218.661, "NodesDiscardedByFathoming": 0, "NodesDiscardedByTolerance": 82265, "finishedBeforeLinearizing": 0, "BoundFactorConstraintsTime": 48.2455, "meanBTRelativeChangeRootNode": 0, "NumberOfChangesFromConicToRLT": 0, "NumberOfBoundFactorConstraints": 280, "PercentageOfOBBTSolvedProblems": 0, "NumberOfLAPACKConvergenceFailures": 0, "PercentageOfBindingSDPConstraints": 0, "NumberOfRLTVariablesAfterLinearization": 70}