{"Itbt": 0, "Pace": 3019.86, "Depth": 37, "Degree": 2, "RPSTime": 74.9975, "FBBTTime": 0, "OBBTTime": 0, "TotalTime": 595.414, "Iterations": 55634, "LinearTime": 487.189, "LowerBound": 1025, "TimeVector": [], "UpperBound": 2127.12, "rootBTTime": 0, "LowerBounds": {}, "SolveResult": 402, "UpperBounds": {}, "MaxQueueSize": 48496, "NumberOfSOCC": 0, "VisitedNodes": 111269, "NonLinearTime": 33.2035, "OptimalityGap": 1102.12, "FBBTIterations": 0, "FirstLowerBound": 1024.8, "InfeasibleNodes": 2945, "IntNonLinearTime": 0, "LinearSolvingTime": 348.227, "LinearizationTime": 0.00560254, "NumberOfVariables": 303, "CallsToLinearSolver": 111269, "DegreeReductionTime": 0, "FBBTPreparationTime": 0, "FirstNodeIterations": 110, "NumberOfConstraints": 251, "FirstNodeSolvingTime": 0.00752282, "LinearGenerationTime": 110.164, "MosekLicenseNotFound": 0, "GurobiLicenseNotFound": 0, "KnitroLicenseNotFound": 0, "SDPCutsGenerationTime": 0, "finishedBeforeReading": 0, "CallsToNonLinearSolver": 19, "NumberOfRLTSolvedNodes": 111269, "NumberOfSDPConstraints": 0, "NumberOfSDPSolvedNodes": 0, "NumberOfSOCPSolvedNodes": 0, "PercentageOfBindingSOCC": 0, "LinearPostProcessingTime": 18.0018, "CallsToNonLinearSolverInt": 0, "LinearSolvingTimeBySolver": 337.695, "NodesDiscardedByFathoming": 0, "NodesDiscardedByTolerance": 4194, "finishedBeforeLinearizing": 0, "BoundFactorConstraintsTime": 36.2368, "meanBTRelativeChangeRootNode": 0, "NumberOfChangesFromConicToRLT": 0, "NumberOfBoundFactorConstraints": 448, "PercentageOfOBBTSolvedProblems": 0, "NumberOfLAPACKConvergenceFailures": 0, "PercentageOfBindingSDPConstraints": 0, "NumberOfRLTVariablesAfterLinearization": 112}