{"Itbt": 0, "Pace": 599991, "Depth": 27, "Degree": 2, "RPSTime": 138.843, "FBBTTime": 0, "OBBTTime": 0, "TotalTime": 599.991, "Iterations": 94099, "LinearTime": 458.623, "LowerBound": 648, "TimeVector": [], "UpperBound": 1201.04, "rootBTTime": 0, "LowerBounds": {}, "SolveResult": 402, "UpperBounds": {}, "MaxQueueSize": 67228, "NumberOfSOCC": 0, "VisitedNodes": 188199, "NonLinearTime": 2.50303, "OptimalityGap": 553.038, "FBBTIterations": 0, "FirstLowerBound": 648, "InfeasibleNodes": 26690, "IntNonLinearTime": 0, "LinearSolvingTime": 262.169, "LinearizationTime": 0.00463123, "NumberOfVariables": 196, "CallsToLinearSolver": 188199, "DegreeReductionTime": 0, "FBBTPreparationTime": 0, "FirstNodeIterations": 127, "NumberOfConstraints": 57, "FirstNodeSolvingTime": 0.00627375, "LinearGenerationTime": 155.373, "MosekLicenseNotFound": 0, "GurobiLicenseNotFound": 0, "KnitroLicenseNotFound": 0, "SDPCutsGenerationTime": 0, "finishedBeforeReading": 0, "CallsToNonLinearSolver": 20, "NumberOfRLTSolvedNodes": 188199, "NumberOfSDPConstraints": 0, "NumberOfSDPSolvedNodes": 0, "NumberOfSOCPSolvedNodes": 0, "PercentageOfBindingSOCC": 0, "LinearPostProcessingTime": 19.0567, "CallsToNonLinearSolverInt": 0, "LinearSolvingTimeBySolver": 248.487, "NodesDiscardedByFathoming": 0, "NodesDiscardedByTolerance": 182, "finishedBeforeLinearizing": 0, "BoundFactorConstraintsTime": 45.5523, "meanBTRelativeChangeRootNode": 0, "NumberOfChangesFromConicToRLT": 0, "NumberOfBoundFactorConstraints": 480, "PercentageOfOBBTSolvedProblems": 0, "NumberOfLAPACKConvergenceFailures": 0, "PercentageOfBindingSDPConstraints": 0, "NumberOfRLTVariablesAfterLinearization": 120}