{"Itbt": 0, "Pace": 599978, "Depth": 27, "Degree": 2, "RPSTime": 159.925, "FBBTTime": 0, "OBBTTime": 0, "TotalTime": 599.978, "Iterations": 262317, "LinearTime": 438.684, "LowerBound": 975.484, "TimeVector": [], "UpperBound": 2446.43, "rootBTTime": 0, "LowerBounds": {}, "SolveResult": 402, "UpperBounds": {}, "MaxQueueSize": 131432, "NumberOfSOCC": 0, "VisitedNodes": 524635, "NonLinearTime": 1.32719, "OptimalityGap": 1470.94, "FBBTIterations": 0, "FirstLowerBound": 975.484, "InfeasibleNodes": 18215, "IntNonLinearTime": 0, "LinearSolvingTime": 224.99, "LinearizationTime": 0.00075221, "NumberOfVariables": 46, "CallsToLinearSolver": 524635, "DegreeReductionTime": 0, "FBBTPreparationTime": 0, "FirstNodeIterations": 24, "NumberOfConstraints": 40, "FirstNodeSolvingTime": 0.00451895, "LinearGenerationTime": 171.926, "MosekLicenseNotFound": 0, "GurobiLicenseNotFound": 0, "KnitroLicenseNotFound": 0, "SDPCutsGenerationTime": 0, "finishedBeforeReading": 0, "CallsToNonLinearSolver": 22, "NumberOfRLTSolvedNodes": 524635, "NumberOfSDPConstraints": 0, "NumberOfSDPSolvedNodes": 0, "NumberOfSOCPSolvedNodes": 0, "PercentageOfBindingSOCC": 0, "LinearPostProcessingTime": 21.1411, "CallsToNonLinearSolverInt": 0, "LinearSolvingTimeBySolver": 200.71, "NodesDiscardedByFathoming": 0, "NodesDiscardedByTolerance": 112671, "finishedBeforeLinearizing": 0, "BoundFactorConstraintsTime": 52.2869, "meanBTRelativeChangeRootNode": 0, "NumberOfChangesFromConicToRLT": 0, "NumberOfBoundFactorConstraints": 180, "PercentageOfOBBTSolvedProblems": 0, "NumberOfLAPACKConvergenceFailures": 0, "PercentageOfBindingSDPConstraints": 0, "NumberOfRLTVariablesAfterLinearization": 45}