{"Itbt": 0, "Pace": 599997, "Depth": 42, "Degree": 2, "RPSTime": 153.783, "FBBTTime": 0, "OBBTTime": 0, "TotalTime": 599.997, "Iterations": 251871, "LinearTime": 445.502, "LowerBound": 99.8976, "TimeVector": [], "UpperBound": 229.701, "rootBTTime": 0, "LowerBounds": {}, "SolveResult": 402, "UpperBounds": {}, "MaxQueueSize": 128782, "NumberOfSOCC": 0, "VisitedNodes": 503743, "NonLinearTime": 0.668176, "OptimalityGap": 129.803, "FBBTIterations": 0, "FirstLowerBound": 99.8976, "InfeasibleNodes": 86339, "IntNonLinearTime": 0, "LinearSolvingTime": 237.455, "LinearizationTime": 0.000746879, "NumberOfVariables": 46, "CallsToLinearSolver": 503743, "DegreeReductionTime": 0, "FBBTPreparationTime": 0, "FirstNodeIterations": 28, "NumberOfConstraints": 40, "FirstNodeSolvingTime": 0.00380836, "LinearGenerationTime": 170.483, "MosekLicenseNotFound": 0, "GurobiLicenseNotFound": 0, "KnitroLicenseNotFound": 0, "SDPCutsGenerationTime": 0, "finishedBeforeReading": 0, "CallsToNonLinearSolver": 21, "NumberOfRLTSolvedNodes": 503743, "NumberOfSDPConstraints": 0, "NumberOfSDPSolvedNodes": 0, "NumberOfSOCPSolvedNodes": 0, "PercentageOfBindingSOCC": 0, "LinearPostProcessingTime": 17.6932, "CallsToNonLinearSolverInt": 0, "LinearSolvingTimeBySolver": 214.609, "NodesDiscardedByFathoming": 3, "NodesDiscardedByTolerance": 36748, "finishedBeforeLinearizing": 0, "BoundFactorConstraintsTime": 50.5437, "meanBTRelativeChangeRootNode": 0, "NumberOfChangesFromConicToRLT": 0, "NumberOfBoundFactorConstraints": 180, "PercentageOfOBBTSolvedProblems": 0, "NumberOfLAPACKConvergenceFailures": 0, "PercentageOfBindingSDPConstraints": 0, "NumberOfRLTVariablesAfterLinearization": 45}