{"Itbt": 0, "Pace": 6.49136, "Depth": 95, "Degree": 2, "RPSTime": 210.909, "FBBTTime": 0, "OBBTTime": 0, "TotalTime": 599.987, "Iterations": 72775, "LinearTime": 387.737, "LowerBound": 92.4276, "TimeVector": [], "UpperBound": 164.49, "rootBTTime": 0, "LowerBounds": {}, "SolveResult": 402, "UpperBounds": {}, "MaxQueueSize": 10862, "NumberOfSOCC": 0, "VisitedNodes": 145551, "NonLinearTime": 1.32299, "OptimalityGap": 72.0622, "FBBTIterations": 0, "FirstLowerBound": 0, "InfeasibleNodes": 61912, "IntNonLinearTime": 0, "LinearSolvingTime": 219.118, "LinearizationTime": 0.00664966, "NumberOfVariables": 90, "CallsToLinearSolver": 145551, "DegreeReductionTime": 0, "FBBTPreparationTime": 0, "FirstNodeIterations": 43, "NumberOfConstraints": 95, "FirstNodeSolvingTime": 0.00509567, "LinearGenerationTime": 141.256, "MosekLicenseNotFound": 0, "GurobiLicenseNotFound": 0, "KnitroLicenseNotFound": 0, "SDPCutsGenerationTime": 0, "finishedBeforeReading": 0, "CallsToNonLinearSolver": 20, "NumberOfRLTSolvedNodes": 145551, "NumberOfSDPConstraints": 0, "NumberOfSDPSolvedNodes": 0, "NumberOfSOCPSolvedNodes": 0, "PercentageOfBindingSOCC": 0, "LinearPostProcessingTime": 9.87424, "CallsToNonLinearSolverInt": 0, "LinearSolvingTimeBySolver": 207.412, "NodesDiscardedByFathoming": 0, "NodesDiscardedByTolerance": 2, "finishedBeforeLinearizing": 0, "BoundFactorConstraintsTime": 58.6818, "meanBTRelativeChangeRootNode": 0, "NumberOfChangesFromConicToRLT": 0, "NumberOfBoundFactorConstraints": 560, "PercentageOfOBBTSolvedProblems": 0, "NumberOfLAPACKConvergenceFailures": 0, "PercentageOfBindingSDPConstraints": 0, "NumberOfRLTVariablesAfterLinearization": 140}