{"Itbt": 0, "Pace": 600000, "Depth": 27, "Degree": 2, "RPSTime": 239.15, "FBBTTime": 0, "OBBTTime": 0, "TotalTime": 600.018, "Iterations": 47757, "LinearTime": 356.651, "LowerBound": 10, "TimeVector": [], "UpperBound": 329.57, "rootBTTime": 0, "LowerBounds": {}, "SolveResult": 402, "UpperBounds": {}, "MaxQueueSize": 16930, "NumberOfSOCC": 0, "VisitedNodes": 95515, "NonLinearTime": 4.20053, "OptimalityGap": 319.57, "FBBTIterations": 0, "FirstLowerBound": 10, "InfeasibleNodes": 30828, "IntNonLinearTime": 0, "LinearSolvingTime": 191.674, "LinearizationTime": 0.0159505, "NumberOfVariables": 125, "CallsToLinearSolver": 95515, "DegreeReductionTime": 0, "FBBTPreparationTime": 0, "FirstNodeIterations": 119, "NumberOfConstraints": 135, "FirstNodeSolvingTime": 0.00839964, "LinearGenerationTime": 134.344, "MosekLicenseNotFound": 0, "GurobiLicenseNotFound": 0, "KnitroLicenseNotFound": 0, "SDPCutsGenerationTime": 0, "finishedBeforeReading": 0, "CallsToNonLinearSolver": 19, "NumberOfRLTSolvedNodes": 95515, "NumberOfSDPConstraints": 0, "NumberOfSDPSolvedNodes": 0, "NumberOfSOCPSolvedNodes": 0, "PercentageOfBindingSOCC": 0, "LinearPostProcessingTime": 11.7465, "CallsToNonLinearSolverInt": 0, "LinearSolvingTimeBySolver": 181.851, "NodesDiscardedByFathoming": 0, "NodesDiscardedByTolerance": 0, "finishedBeforeLinearizing": 0, "BoundFactorConstraintsTime": 80.3667, "meanBTRelativeChangeRootNode": 0, "NumberOfChangesFromConicToRLT": 0, "NumberOfBoundFactorConstraints": 864, "PercentageOfOBBTSolvedProblems": 0, "NumberOfLAPACKConvergenceFailures": 0, "PercentageOfBindingSDPConstraints": 0, "NumberOfRLTVariablesAfterLinearization": 216}