{"Itbt": 0, "Pace": 599933, "Depth": 38, "Degree": 2, "RPSTime": 278.029, "FBBTTime": 0, "OBBTTime": 0, "TotalTime": 599.933, "Iterations": 11600, "LinearTime": 309.68, "LowerBound": 35, "TimeVector": [], "UpperBound": 662.807, "rootBTTime": 0, "LowerBounds": {}, "SolveResult": 402, "UpperBounds": {}, "MaxQueueSize": 4754, "NumberOfSOCC": 0, "VisitedNodes": 23201, "NonLinearTime": 12.1648, "OptimalityGap": 627.807, "FBBTIterations": 0, "FirstLowerBound": 35, "InfeasibleNodes": 6848, "IntNonLinearTime": 0, "LinearSolvingTime": 185.094, "LinearizationTime": 0.151674, "NumberOfVariables": 324, "CallsToLinearSolver": 23201, "DegreeReductionTime": 0, "FBBTPreparationTime": 0, "FirstNodeIterations": 343, "NumberOfConstraints": 239, "FirstNodeSolvingTime": 0.345454, "LinearGenerationTime": 97.3573, "MosekLicenseNotFound": 0, "GurobiLicenseNotFound": 0, "KnitroLicenseNotFound": 0, "SDPCutsGenerationTime": 0, "finishedBeforeReading": 0, "CallsToNonLinearSolver": 17, "NumberOfRLTSolvedNodes": 23201, "NumberOfSDPConstraints": 0, "NumberOfSDPSolvedNodes": 0, "NumberOfSOCPSolvedNodes": 0, "PercentageOfBindingSOCC": 0, "LinearPostProcessingTime": 9.17603, "CallsToNonLinearSolverInt": 0, "LinearSolvingTimeBySolver": 180.237, "NodesDiscardedByFathoming": 0, "NodesDiscardedByTolerance": 0, "finishedBeforeLinearizing": 0, "BoundFactorConstraintsTime": 74.5408, "meanBTRelativeChangeRootNode": 0, "NumberOfChangesFromConicToRLT": 0, "NumberOfBoundFactorConstraints": 2700, "PercentageOfOBBTSolvedProblems": 0, "NumberOfLAPACKConvergenceFailures": 0, "PercentageOfBindingSDPConstraints": 0, "NumberOfRLTVariablesAfterLinearization": 675}