{"Itbt": 0, "Pace": 600000, "Depth": 18, "Degree": 2, "RPSTime": 332.055, "FBBTTime": 0, "OBBTTime": 0, "TotalTime": 600.078, "Iterations": 1543, "LinearTime": 117.695, "LowerBound": 0, "TimeVector": [], "UpperBound": 1812.17, "rootBTTime": 0, "LowerBounds": {}, "SolveResult": 402, "UpperBounds": {}, "MaxQueueSize": 1114, "NumberOfSOCC": 0, "VisitedNodes": 3087, "NonLinearTime": 150.122, "OptimalityGap": 1812.17, "FBBTIterations": 0, "FirstLowerBound": 0, "InfeasibleNodes": 430, "IntNonLinearTime": 0, "LinearSolvingTime": 49.0138, "LinearizationTime": 2.35686, "NumberOfVariables": 760, "CallsToLinearSolver": 3087, "DegreeReductionTime": 0, "FBBTPreparationTime": 0, "FirstNodeIterations": 252, "NumberOfConstraints": 540, "FirstNodeSolvingTime": 0.0485674, "LinearGenerationTime": 51.1453, "MosekLicenseNotFound": 0, "GurobiLicenseNotFound": 0, "KnitroLicenseNotFound": 0, "SDPCutsGenerationTime": 0, "finishedBeforeReading": 0, "CallsToNonLinearSolver": 14, "NumberOfRLTSolvedNodes": 3087, "NumberOfSDPConstraints": 0, "NumberOfSDPSolvedNodes": 0, "NumberOfSOCPSolvedNodes": 0, "PercentageOfBindingSOCC": 0, "LinearPostProcessingTime": 5.33013, "CallsToNonLinearSolverInt": 0, "LinearSolvingTimeBySolver": 47.8966, "NodesDiscardedByFathoming": 0, "NodesDiscardedByTolerance": 0, "finishedBeforeLinearizing": 0, "BoundFactorConstraintsTime": 52.6906, "meanBTRelativeChangeRootNode": 0, "NumberOfChangesFromConicToRLT": 0, "NumberOfBoundFactorConstraints": 10560, "PercentageOfOBBTSolvedProblems": 0, "NumberOfLAPACKConvergenceFailures": 0, "PercentageOfBindingSDPConstraints": 0, "NumberOfRLTVariablesAfterLinearization": 2640}