{"Itbt": 0, "Pace": 9.49733, "Depth": 42, "Degree": 2, "RPSTime": 197.061, "FBBTTime": 0, "OBBTTime": 0, "TotalTime": 600, "Iterations": 152649, "LinearTime": 402.269, "LowerBound": 93.1747, "TimeVector": [], "UpperBound": 238.733, "rootBTTime": 0, "LowerBounds": {}, "SolveResult": 402, "UpperBounds": {}, "MaxQueueSize": 42256, "NumberOfSOCC": 0, "VisitedNodes": 305299, "NonLinearTime": 0.632821, "OptimalityGap": 145.559, "FBBTIterations": 0, "FirstLowerBound": 30, "InfeasibleNodes": 110394, "IntNonLinearTime": 0, "LinearSolvingTime": 208.464, "LinearizationTime": 0.00183058, "NumberOfVariables": 60, "CallsToLinearSolver": 305299, "DegreeReductionTime": 0, "FBBTPreparationTime": 0, "FirstNodeIterations": 45, "NumberOfConstraints": 64, "FirstNodeSolvingTime": 0.0051033, "LinearGenerationTime": 159.909, "MosekLicenseNotFound": 0, "GurobiLicenseNotFound": 0, "KnitroLicenseNotFound": 0, "SDPCutsGenerationTime": 0, "finishedBeforeReading": 0, "CallsToNonLinearSolver": 21, "NumberOfRLTSolvedNodes": 305299, "NumberOfSDPConstraints": 0, "NumberOfSDPSolvedNodes": 0, "NumberOfSOCPSolvedNodes": 0, "PercentageOfBindingSOCC": 0, "LinearPostProcessingTime": 12.9236, "CallsToNonLinearSolverInt": 0, "LinearSolvingTimeBySolver": 191.489, "NodesDiscardedByFathoming": 0, "NodesDiscardedByTolerance": 0, "finishedBeforeLinearizing": 0, "BoundFactorConstraintsTime": 60.1191, "meanBTRelativeChangeRootNode": 0, "NumberOfChangesFromConicToRLT": 0, "NumberOfBoundFactorConstraints": 288, "PercentageOfOBBTSolvedProblems": 0, "NumberOfLAPACKConvergenceFailures": 0, "PercentageOfBindingSDPConstraints": 0, "NumberOfRLTVariablesAfterLinearization": 72}