{"Itbt": 0, "Pace": 8.24706, "Depth": 70, "Degree": 2, "RPSTime": 131.947, "FBBTTime": 0, "OBBTTime": 0, "TotalTime": 600.003, "Iterations": 204010, "LinearTime": 467.559, "LowerBound": 82.7522, "TimeVector": [], "UpperBound": 86.8333, "rootBTTime": 0, "LowerBounds": {}, "SolveResult": 402, "UpperBounds": {}, "MaxQueueSize": 80196, "NumberOfSOCC": 0, "VisitedNodes": 408021, "NonLinearTime": 0.46123, "OptimalityGap": 4.08113, "FBBTIterations": 0, "FirstLowerBound": 10, "InfeasibleNodes": 115296, "IntNonLinearTime": 0, "LinearSolvingTime": 311.548, "LinearizationTime": 0.000492241, "NumberOfVariables": 40, "CallsToLinearSolver": 408021, "DegreeReductionTime": 0, "FBBTPreparationTime": 0, "FirstNodeIterations": 28, "NumberOfConstraints": 38, "FirstNodeSolvingTime": 0.00478144, "LinearGenerationTime": 123.499, "MosekLicenseNotFound": 0, "GurobiLicenseNotFound": 0, "KnitroLicenseNotFound": 0, "SDPCutsGenerationTime": 0, "finishedBeforeReading": 0, "CallsToNonLinearSolver": 21, "NumberOfRLTSolvedNodes": 408021, "NumberOfSDPConstraints": 0, "NumberOfSDPSolvedNodes": 0, "NumberOfSOCPSolvedNodes": 0, "PercentageOfBindingSOCC": 0, "LinearPostProcessingTime": 18.3571, "CallsToNonLinearSolverInt": 0, "LinearSolvingTimeBySolver": 291.664, "NodesDiscardedByFathoming": 0, "NodesDiscardedByTolerance": 8519, "finishedBeforeLinearizing": 0, "BoundFactorConstraintsTime": 37.2233, "meanBTRelativeChangeRootNode": 0, "NumberOfChangesFromConicToRLT": 0, "NumberOfBoundFactorConstraints": 144, "PercentageOfOBBTSolvedProblems": 0, "NumberOfLAPACKConvergenceFailures": 0, "PercentageOfBindingSDPConstraints": 0, "NumberOfRLTVariablesAfterLinearization": 36}