{"Itbt": 0, "Pace": 3.84076, "Depth": 38, "Degree": 2, "RPSTime": 201.715, "FBBTTime": 0, "OBBTTime": 0, "TotalTime": 599.917, "Iterations": 12358, "LinearTime": 386.782, "LowerBound": 156.197, "TimeVector": [], "UpperBound": 556.675, "rootBTTime": 0, "LowerBounds": {}, "SolveResult": 402, "UpperBounds": {}, "MaxQueueSize": 3641, "NumberOfSOCC": 0, "VisitedNodes": 24717, "NonLinearTime": 11.384, "OptimalityGap": 400.479, "FBBTIterations": 0, "FirstLowerBound": 0, "InfeasibleNodes": 8718, "IntNonLinearTime": 0, "LinearSolvingTime": 273.507, "LinearizationTime": 0.111315, "NumberOfVariables": 432, "CallsToLinearSolver": 24717, "DegreeReductionTime": 0, "FBBTPreparationTime": 0, "FirstNodeIterations": 467, "NumberOfConstraints": 208, "FirstNodeSolvingTime": 0.0317306, "LinearGenerationTime": 89.5819, "MosekLicenseNotFound": 0, "GurobiLicenseNotFound": 0, "KnitroLicenseNotFound": 0, "SDPCutsGenerationTime": 0, "finishedBeforeReading": 0, "CallsToNonLinearSolver": 17, "NumberOfRLTSolvedNodes": 24717, "NumberOfSDPConstraints": 0, "NumberOfSDPSolvedNodes": 0, "NumberOfSOCPSolvedNodes": 0, "PercentageOfBindingSOCC": 0, "LinearPostProcessingTime": 8.37583, "CallsToNonLinearSolverInt": 0, "LinearSolvingTimeBySolver": 268.608, "NodesDiscardedByFathoming": 0, "NodesDiscardedByTolerance": 0, "finishedBeforeLinearizing": 0, "BoundFactorConstraintsTime": 56.0196, "meanBTRelativeChangeRootNode": 0, "NumberOfChangesFromConicToRLT": 0, "NumberOfBoundFactorConstraints": 2304, "PercentageOfOBBTSolvedProblems": 0, "NumberOfLAPACKConvergenceFailures": 0, "PercentageOfBindingSDPConstraints": 0, "NumberOfRLTVariablesAfterLinearization": 576}