{"Itbt": 0, "Pace": 6.36631, "Depth": 83, "Degree": 2, "RPSTime": 148.318, "FBBTTime": 0, "OBBTTime": 0, "TotalTime": 600.003, "Iterations": 103868, "LinearTime": 450.64, "LowerBound": 94.2451, "TimeVector": [], "UpperBound": 157.094, "rootBTTime": 0, "LowerBounds": {}, "SolveResult": 402, "UpperBounds": {}, "MaxQueueSize": 36759, "NumberOfSOCC": 0, "VisitedNodes": 207737, "NonLinearTime": 1.01127, "OptimalityGap": 62.8493, "FBBTIterations": 0, "FirstLowerBound": 0, "InfeasibleNodes": 67110, "IntNonLinearTime": 0, "LinearSolvingTime": 294.396, "LinearizationTime": 0.00241798, "NumberOfVariables": 74, "CallsToLinearSolver": 207737, "DegreeReductionTime": 0, "FBBTPreparationTime": 0, "FirstNodeIterations": 42, "NumberOfConstraints": 66, "FirstNodeSolvingTime": 0.00544888, "LinearGenerationTime": 128.287, "MosekLicenseNotFound": 0, "GurobiLicenseNotFound": 0, "KnitroLicenseNotFound": 0, "SDPCutsGenerationTime": 0, "finishedBeforeReading": 0, "CallsToNonLinearSolver": 20, "NumberOfRLTSolvedNodes": 207737, "NumberOfSDPConstraints": 0, "NumberOfSDPSolvedNodes": 0, "NumberOfSOCPSolvedNodes": 0, "PercentageOfBindingSOCC": 0, "LinearPostProcessingTime": 11.0227, "CallsToNonLinearSolverInt": 0, "LinearSolvingTimeBySolver": 280.584, "NodesDiscardedByFathoming": 0, "NodesDiscardedByTolerance": 0, "finishedBeforeLinearizing": 0, "BoundFactorConstraintsTime": 42.5603, "meanBTRelativeChangeRootNode": 0, "NumberOfChangesFromConicToRLT": 0, "NumberOfBoundFactorConstraints": 336, "PercentageOfOBBTSolvedProblems": 0, "NumberOfLAPACKConvergenceFailures": 0, "PercentageOfBindingSDPConstraints": 0, "NumberOfRLTVariablesAfterLinearization": 84}