{"Itbt": 0, "Pace": 599999, "Depth": 54, "Degree": 2, "RPSTime": 190.815, "FBBTTime": 0, "OBBTTime": 0, "TotalTime": 599.999, "Iterations": 145611, "LinearTime": 408.391, "LowerBound": 45, "TimeVector": [], "UpperBound": 106.277, "rootBTTime": 0, "LowerBounds": {}, "SolveResult": 402, "UpperBounds": {}, "MaxQueueSize": 40588, "NumberOfSOCC": 0, "VisitedNodes": 291223, "NonLinearTime": 0.764197, "OptimalityGap": 61.2768, "FBBTIterations": 0, "FirstLowerBound": 45, "InfeasibleNodes": 105024, "IntNonLinearTime": 0, "LinearSolvingTime": 223.334, "LinearizationTime": 0.00182883, "NumberOfVariables": 64, "CallsToLinearSolver": 291223, "DegreeReductionTime": 0, "FBBTPreparationTime": 0, "FirstNodeIterations": 41, "NumberOfConstraints": 64, "FirstNodeSolvingTime": 0.00515377, "LinearGenerationTime": 152.243, "MosekLicenseNotFound": 0, "GurobiLicenseNotFound": 0, "KnitroLicenseNotFound": 0, "SDPCutsGenerationTime": 0, "finishedBeforeReading": 0, "CallsToNonLinearSolver": 21, "NumberOfRLTSolvedNodes": 291223, "NumberOfSDPConstraints": 0, "NumberOfSDPSolvedNodes": 0, "NumberOfSOCPSolvedNodes": 0, "PercentageOfBindingSOCC": 0, "LinearPostProcessingTime": 12.4945, "CallsToNonLinearSolverInt": 0, "LinearSolvingTimeBySolver": 206.707, "NodesDiscardedByFathoming": 0, "NodesDiscardedByTolerance": 0, "finishedBeforeLinearizing": 0, "BoundFactorConstraintsTime": 59.0382, "meanBTRelativeChangeRootNode": 0, "NumberOfChangesFromConicToRLT": 0, "NumberOfBoundFactorConstraints": 288, "PercentageOfOBBTSolvedProblems": 0, "NumberOfLAPACKConvergenceFailures": 0, "PercentageOfBindingSDPConstraints": 0, "NumberOfRLTVariablesAfterLinearization": 72}