{"Itbt": 0, "Pace": 599761, "Depth": 36, "Degree": 2, "RPSTime": 385.438, "FBBTTime": 0, "OBBTTime": 0, "TotalTime": 599.761, "Iterations": 4094, "LinearTime": 176.873, "LowerBound": 0, "TimeVector": [], "UpperBound": 638.735, "rootBTTime": 0, "LowerBounds": {}, "SolveResult": 402, "UpperBounds": {}, "MaxQueueSize": 687, "NumberOfSOCC": 0, "VisitedNodes": 8189, "NonLinearTime": 37.3251, "OptimalityGap": 638.735, "FBBTIterations": 0, "FirstLowerBound": 0, "InfeasibleNodes": 3408, "IntNonLinearTime": 0, "LinearSolvingTime": 61.467, "LinearizationTime": 1.04694, "NumberOfVariables": 660, "CallsToLinearSolver": 8189, "DegreeReductionTime": 0, "FBBTPreparationTime": 0, "FirstNodeIterations": 180, "NumberOfConstraints": 380, "FirstNodeSolvingTime": 0.0359188, "LinearGenerationTime": 87.8993, "MosekLicenseNotFound": 0, "GurobiLicenseNotFound": 0, "KnitroLicenseNotFound": 0, "SDPCutsGenerationTime": 0, "finishedBeforeReading": 0, "CallsToNonLinearSolver": 15, "NumberOfRLTSolvedNodes": 8189, "NumberOfSDPConstraints": 0, "NumberOfSDPSolvedNodes": 0, "NumberOfSOCPSolvedNodes": 0, "PercentageOfBindingSOCC": 0, "LinearPostProcessingTime": 6.48561, "CallsToNonLinearSolverInt": 0, "LinearSolvingTimeBySolver": 59.1851, "NodesDiscardedByFathoming": 0, "NodesDiscardedByTolerance": 0, "finishedBeforeLinearizing": 0, "BoundFactorConstraintsTime": 62.555, "meanBTRelativeChangeRootNode": 0, "NumberOfChangesFromConicToRLT": 0, "NumberOfBoundFactorConstraints": 7040, "PercentageOfOBBTSolvedProblems": 0, "NumberOfLAPACKConvergenceFailures": 0, "PercentageOfBindingSDPConstraints": 0, "NumberOfRLTVariablesAfterLinearization": 1760}