{"Itbt": 0, "Pace": 599985, "Depth": 25, "Degree": 2, "RPSTime": 231.414, "FBBTTime": 0, "OBBTTime": 0, "TotalTime": 599.985, "Iterations": 46216, "LinearTime": 365.362, "LowerBound": 10, "TimeVector": [], "UpperBound": 323.682, "rootBTTime": 0, "LowerBounds": {}, "SolveResult": 402, "UpperBounds": {}, "MaxQueueSize": 23106, "NumberOfSOCC": 0, "VisitedNodes": 92433, "NonLinearTime": 3.19267, "OptimalityGap": 313.682, "FBBTIterations": 0, "FirstLowerBound": 10, "InfeasibleNodes": 23111, "IntNonLinearTime": 0, "LinearSolvingTime": 200.995, "LinearizationTime": 0.0161815, "NumberOfVariables": 146, "CallsToLinearSolver": 92433, "DegreeReductionTime": 0, "FBBTPreparationTime": 0, "FirstNodeIterations": 131, "NumberOfConstraints": 135, "FirstNodeSolvingTime": 0.00736777, "LinearGenerationTime": 133.38, "MosekLicenseNotFound": 0, "GurobiLicenseNotFound": 0, "KnitroLicenseNotFound": 0, "SDPCutsGenerationTime": 0, "finishedBeforeReading": 0, "CallsToNonLinearSolver": 19, "NumberOfRLTSolvedNodes": 92433, "NumberOfSDPConstraints": 0, "NumberOfSDPSolvedNodes": 0, "NumberOfSOCPSolvedNodes": 0, "PercentageOfBindingSOCC": 0, "LinearPostProcessingTime": 13.0106, "CallsToNonLinearSolverInt": 0, "LinearSolvingTimeBySolver": 191.37, "NodesDiscardedByFathoming": 0, "NodesDiscardedByTolerance": 0, "finishedBeforeLinearizing": 0, "BoundFactorConstraintsTime": 77.1457, "meanBTRelativeChangeRootNode": 0, "NumberOfChangesFromConicToRLT": 0, "NumberOfBoundFactorConstraints": 864, "PercentageOfOBBTSolvedProblems": 0, "NumberOfLAPACKConvergenceFailures": 0, "PercentageOfBindingSDPConstraints": 0, "NumberOfRLTVariablesAfterLinearization": 216}