{"Itbt": 0, "Pace": 4.57159, "Depth": 95, "Degree": 2, "RPSTime": 169.854, "FBBTTime": 0, "OBBTTime": 0, "TotalTime": 600.008, "Iterations": 71213, "LinearTime": 427.554, "LowerBound": 141.244, "TimeVector": [], "UpperBound": 410.635, "rootBTTime": 0, "LowerBounds": {}, "SolveResult": 402, "UpperBounds": {}, "MaxQueueSize": 15183, "NumberOfSOCC": 0, "VisitedNodes": 142427, "NonLinearTime": 2.58176, "OptimalityGap": 269.391, "FBBTIterations": 0, "FirstLowerBound": 10, "InfeasibleNodes": 56031, "IntNonLinearTime": 0, "LinearSolvingTime": 268.457, "LinearizationTime": 0.00607152, "NumberOfVariables": 121, "CallsToLinearSolver": 142427, "DegreeReductionTime": 0, "FBBTPreparationTime": 0, "FirstNodeIterations": 67, "NumberOfConstraints": 87, "FirstNodeSolvingTime": 0.00635804, "LinearGenerationTime": 132.921, "MosekLicenseNotFound": 0, "GurobiLicenseNotFound": 0, "KnitroLicenseNotFound": 0, "SDPCutsGenerationTime": 0, "finishedBeforeReading": 0, "CallsToNonLinearSolver": 20, "NumberOfRLTSolvedNodes": 142427, "NumberOfSDPConstraints": 0, "NumberOfSDPSolvedNodes": 0, "NumberOfSOCPSolvedNodes": 0, "PercentageOfBindingSOCC": 0, "LinearPostProcessingTime": 10.2818, "CallsToNonLinearSolverInt": 0, "LinearSolvingTimeBySolver": 256.878, "NodesDiscardedByFathoming": 0, "NodesDiscardedByTolerance": 0, "finishedBeforeLinearizing": 0, "BoundFactorConstraintsTime": 48.1861, "meanBTRelativeChangeRootNode": 0, "NumberOfChangesFromConicToRLT": 0, "NumberOfBoundFactorConstraints": 540, "PercentageOfOBBTSolvedProblems": 0, "NumberOfLAPACKConvergenceFailures": 0, "PercentageOfBindingSDPConstraints": 0, "NumberOfRLTVariablesAfterLinearization": 135}