{"Itbt": 0, "Pace": 0.249277, "Depth": 8, "Degree": 4, "RPSTime": 27.5616, "FBBTTime": 0, "OBBTTime": 0, "TotalTime": 600.01, "Iterations": 68, "LinearTime": 572.147, "LowerBound": 12133.2, "TimeVector": [], "UpperBound": 12944.4, "rootBTTime": 0, "LowerBounds": {}, "SolveResult": 402, "UpperBounds": {}, "MaxQueueSize": 67, "NumberOfSOCC": 0, "VisitedNodes": 137, "NonLinearTime": 0.287668, "OptimalityGap": 811.252, "FBBTIterations": 0, "FirstLowerBound": 9726.23, "InfeasibleNodes": 2, "IntNonLinearTime": 0, "LinearSolvingTime": 566.549, "LinearizationTime": 0.811404, "NumberOfVariables": 12, "CallsToLinearSolver": 137, "DegreeReductionTime": 0, "FBBTPreparationTime": 0, "FirstNodeIterations": 7704, "NumberOfConstraints": 12, "FirstNodeSolvingTime": 4.6191, "LinearGenerationTime": 4.79207, "MosekLicenseNotFound": 0, "GurobiLicenseNotFound": 0, "KnitroLicenseNotFound": 0, "SDPCutsGenerationTime": 0, "finishedBeforeReading": 0, "CallsToNonLinearSolver": 10, "NumberOfRLTSolvedNodes": 137, "NumberOfSDPConstraints": 0, "NumberOfSDPSolvedNodes": 0, "NumberOfSOCPSolvedNodes": 0, "PercentageOfBindingSOCC": 0, "LinearPostProcessingTime": 0.228529, "CallsToNonLinearSolverInt": 0, "LinearSolvingTimeBySolver": 564.968, "NodesDiscardedByFathoming": 0, "NodesDiscardedByTolerance": 0, "finishedBeforeLinearizing": 0, "BoundFactorConstraintsTime": 26.1079, "meanBTRelativeChangeRootNode": 0, "NumberOfChangesFromConicToRLT": 0, "NumberOfBoundFactorConstraints": 8736, "PercentageOfOBBTSolvedProblems": 0, "NumberOfLAPACKConvergenceFailures": 0, "PercentageOfBindingSDPConstraints": 0, "NumberOfRLTVariablesAfterLinearization": 1123}