{"Itbt": 0, "Pace": 0.523427, "Depth": 9, "Degree": 4, "RPSTime": 25.2617, "FBBTTime": 0, "OBBTTime": 0, "TotalTime": 600.014, "Iterations": 61, "LinearTime": 574.478, "LowerBound": 16425, "TimeVector": [], "UpperBound": 16619.6, "rootBTTime": 0, "LowerBounds": {}, "SolveResult": 402, "UpperBounds": {}, "MaxQueueSize": 48, "NumberOfSOCC": 0, "VisitedNodes": 123, "NonLinearTime": 0.259763, "OptimalityGap": 194.597, "FBBTIterations": 0, "FirstLowerBound": 15278.7, "InfeasibleNodes": 1, "IntNonLinearTime": 0, "LinearSolvingTime": 569.891, "LinearizationTime": 0.808302, "NumberOfVariables": 12, "CallsToLinearSolver": 123, "DegreeReductionTime": 0, "FBBTPreparationTime": 0, "FirstNodeIterations": 9136, "NumberOfConstraints": 9, "FirstNodeSolvingTime": 5.55505, "LinearGenerationTime": 3.91131, "MosekLicenseNotFound": 0, "GurobiLicenseNotFound": 0, "KnitroLicenseNotFound": 0, "SDPCutsGenerationTime": 0, "finishedBeforeReading": 0, "CallsToNonLinearSolver": 9, "NumberOfRLTSolvedNodes": 123, "NumberOfSDPConstraints": 0, "NumberOfSDPSolvedNodes": 0, "NumberOfSOCPSolvedNodes": 0, "PercentageOfBindingSOCC": 0, "LinearPostProcessingTime": 0.198366, "CallsToNonLinearSolverInt": 0, "LinearSolvingTimeBySolver": 568.471, "NodesDiscardedByFathoming": 0, "NodesDiscardedByTolerance": 13, "finishedBeforeLinearizing": 0, "BoundFactorConstraintsTime": 23.8773, "meanBTRelativeChangeRootNode": 0, "NumberOfChangesFromConicToRLT": 0, "NumberOfBoundFactorConstraints": 8748, "PercentageOfOBBTSolvedProblems": 0, "NumberOfLAPACKConvergenceFailures": 0, "PercentageOfBindingSDPConstraints": 0, "NumberOfRLTVariablesAfterLinearization": 1121}