{"Itbt": 0, "Pace": 0.535085, "Depth": 35, "Degree": 4, "RPSTime": 40.3825, "FBBTTime": 0, "OBBTTime": 0, "TotalTime": 600.124, "Iterations": 1230, "LinearTime": 559.531, "LowerBound": 2612.64, "TimeVector": [], "UpperBound": 2766.66, "rootBTTime": 0, "LowerBounds": {}, "SolveResult": 402, "UpperBounds": {}, "MaxQueueSize": 796, "NumberOfSOCC": 0, "VisitedNodes": 2461, "NonLinearTime": 0.204321, "OptimalityGap": 154.025, "FBBTIterations": 0, "FirstLowerBound": 1491.32, "InfeasibleNodes": 389, "IntNonLinearTime": 0, "LinearSolvingTime": 539.792, "LinearizationTime": 0.0746356, "NumberOfVariables": 12, "CallsToLinearSolver": 2461, "DegreeReductionTime": 0, "FBBTPreparationTime": 0, "FirstNodeIterations": 1971, "NumberOfConstraints": 12, "FirstNodeSolvingTime": 0.28199, "LinearGenerationTime": 17.0735, "MosekLicenseNotFound": 0, "GurobiLicenseNotFound": 0, "KnitroLicenseNotFound": 0, "SDPCutsGenerationTime": 0, "finishedBeforeReading": 0, "CallsToNonLinearSolver": 14, "NumberOfRLTSolvedNodes": 2461, "NumberOfSDPConstraints": 0, "NumberOfSDPSolvedNodes": 0, "NumberOfSOCPSolvedNodes": 0, "PercentageOfBindingSOCC": 0, "LinearPostProcessingTime": 0.712852, "CallsToNonLinearSolverInt": 0, "LinearSolvingTimeBySolver": 539.328, "NodesDiscardedByFathoming": 0, "NodesDiscardedByTolerance": 47, "finishedBeforeLinearizing": 0, "BoundFactorConstraintsTime": 37.4598, "meanBTRelativeChangeRootNode": 0, "NumberOfChangesFromConicToRLT": 0, "NumberOfBoundFactorConstraints": 1851, "PercentageOfOBBTSolvedProblems": 0, "NumberOfLAPACKConvergenceFailures": 0, "PercentageOfBindingSDPConstraints": 0, "NumberOfRLTVariablesAfterLinearization": 497}