{"Itbt": 0, "Pace": 0.323913, "Depth": 11, "Degree": 4, "RPSTime": 24.3629, "FBBTTime": 0, "OBBTTime": 0, "TotalTime": 600.015, "Iterations": 57, "LinearTime": 575.372, "LowerBound": 19021.6, "TimeVector": [], "UpperBound": 19645.9, "rootBTTime": 0, "LowerBounds": {}, "SolveResult": 402, "UpperBounds": {}, "MaxQueueSize": 54, "NumberOfSOCC": 0, "VisitedNodes": 115, "NonLinearTime": 0.265692, "OptimalityGap": 624.22, "FBBTIterations": 0, "FirstLowerBound": 17169.3, "InfeasibleNodes": 1, "IntNonLinearTime": 0, "LinearSolvingTime": 570.941, "LinearizationTime": 0.840906, "NumberOfVariables": 12, "CallsToLinearSolver": 115, "DegreeReductionTime": 0, "FBBTPreparationTime": 0, "FirstNodeIterations": 8541, "NumberOfConstraints": 9, "FirstNodeSolvingTime": 5.21547, "LinearGenerationTime": 3.73889, "MosekLicenseNotFound": 0, "GurobiLicenseNotFound": 0, "KnitroLicenseNotFound": 0, "SDPCutsGenerationTime": 0, "finishedBeforeReading": 0, "CallsToNonLinearSolver": 9, "NumberOfRLTSolvedNodes": 115, "NumberOfSDPConstraints": 0, "NumberOfSDPSolvedNodes": 0, "NumberOfSOCPSolvedNodes": 0, "PercentageOfBindingSOCC": 0, "LinearPostProcessingTime": 0.192239, "CallsToNonLinearSolverInt": 0, "LinearSolvingTimeBySolver": 569.641, "NodesDiscardedByFathoming": 0, "NodesDiscardedByTolerance": 4, "finishedBeforeLinearizing": 0, "BoundFactorConstraintsTime": 22.9449, "meanBTRelativeChangeRootNode": 0, "NumberOfChangesFromConicToRLT": 0, "NumberOfBoundFactorConstraints": 8893, "PercentageOfOBBTSolvedProblems": 0, "NumberOfLAPACKConvergenceFailures": 0, "PercentageOfBindingSDPConstraints": 0, "NumberOfRLTVariablesAfterLinearization": 1132}