{"Itbt": 0, "Pace": 0.608164, "Depth": 25, "Degree": 4, "RPSTime": 43.4587, "FBBTTime": 0, "OBBTTime": 0, "TotalTime": 600.128, "Iterations": 1323, "LinearTime": 556.458, "LowerBound": 3266.48, "TimeVector": [], "UpperBound": 3275.72, "rootBTTime": 0, "LowerBounds": {}, "SolveResult": 402, "UpperBounds": {}, "MaxQueueSize": 358, "NumberOfSOCC": 0, "VisitedNodes": 2647, "NonLinearTime": 0.205077, "OptimalityGap": 9.23957, "FBBTIterations": 0, "FirstLowerBound": 2279.91, "InfeasibleNodes": 293, "IntNonLinearTime": 0, "LinearSolvingTime": 536.387, "LinearizationTime": 0.0688569, "NumberOfVariables": 12, "CallsToLinearSolver": 2647, "DegreeReductionTime": 0, "FBBTPreparationTime": 0, "FirstNodeIterations": 1993, "NumberOfConstraints": 12, "FirstNodeSolvingTime": 0.271318, "LinearGenerationTime": 17.0582, "MosekLicenseNotFound": 0, "GurobiLicenseNotFound": 0, "KnitroLicenseNotFound": 0, "SDPCutsGenerationTime": 0, "finishedBeforeReading": 0, "CallsToNonLinearSolver": 14, "NumberOfRLTSolvedNodes": 2647, "NumberOfSDPConstraints": 0, "NumberOfSDPSolvedNodes": 0, "NumberOfSOCPSolvedNodes": 0, "PercentageOfBindingSOCC": 0, "LinearPostProcessingTime": 0.79448, "CallsToNonLinearSolverInt": 0, "LinearSolvingTimeBySolver": 535.887, "NodesDiscardedByFathoming": 0, "NodesDiscardedByTolerance": 772, "finishedBeforeLinearizing": 0, "BoundFactorConstraintsTime": 38.9324, "meanBTRelativeChangeRootNode": 0, "NumberOfChangesFromConicToRLT": 0, "NumberOfBoundFactorConstraints": 1767, "PercentageOfOBBTSolvedProblems": 0, "NumberOfLAPACKConvergenceFailures": 0, "PercentageOfBindingSDPConstraints": 0, "NumberOfRLTVariablesAfterLinearization": 481}