{"Itbt": 0, "Pace": 0.245334, "Depth": 9, "Degree": 4, "RPSTime": 23.7679, "FBBTTime": 0, "OBBTTime": 0, "TotalTime": 600.368, "Iterations": 56, "LinearTime": 576.267, "LowerBound": 14542.1, "TimeVector": [], "UpperBound": 15487.8, "rootBTTime": 0, "LowerBounds": {}, "SolveResult": 402, "UpperBounds": {}, "MaxQueueSize": 52, "NumberOfSOCC": 0, "VisitedNodes": 113, "NonLinearTime": 0.283915, "OptimalityGap": 945.667, "FBBTIterations": 0, "FirstLowerBound": 12096.4, "InfeasibleNodes": 3, "IntNonLinearTime": 0, "LinearSolvingTime": 572.03, "LinearizationTime": 0.825999, "NumberOfVariables": 12, "CallsToLinearSolver": 113, "DegreeReductionTime": 0, "FBBTPreparationTime": 0, "FirstNodeIterations": 11169, "NumberOfConstraints": 12, "FirstNodeSolvingTime": 6.80746, "LinearGenerationTime": 3.57253, "MosekLicenseNotFound": 0, "GurobiLicenseNotFound": 0, "KnitroLicenseNotFound": 0, "SDPCutsGenerationTime": 0, "finishedBeforeReading": 0, "CallsToNonLinearSolver": 9, "NumberOfRLTSolvedNodes": 113, "NumberOfSDPConstraints": 0, "NumberOfSDPSolvedNodes": 0, "NumberOfSOCPSolvedNodes": 0, "PercentageOfBindingSOCC": 0, "LinearPostProcessingTime": 0.184966, "CallsToNonLinearSolverInt": 0, "LinearSolvingTimeBySolver": 570.735, "NodesDiscardedByFathoming": 0, "NodesDiscardedByTolerance": 3, "finishedBeforeLinearizing": 0, "BoundFactorConstraintsTime": 22.3792, "meanBTRelativeChangeRootNode": 0, "NumberOfChangesFromConicToRLT": 0, "NumberOfBoundFactorConstraints": 8841, "PercentageOfOBBTSolvedProblems": 0, "NumberOfLAPACKConvergenceFailures": 0, "PercentageOfBindingSDPConstraints": 0, "NumberOfRLTVariablesAfterLinearization": 1130}