{"Itbt": 0, "Pace": 29851.9, "Depth": 40, "Degree": 3, "RPSTime": 39.3802, "FBBTTime": 0, "OBBTTime": 0, "TotalTime": 600.045, "Iterations": 18684, "LinearTime": 558.654, "LowerBound": 0.0190992, "TimeVector": [], "UpperBound": 0.759315, "rootBTTime": 0, "LowerBounds": {}, "SolveResult": 402, "UpperBounds": {}, "MaxQueueSize": 18685, "NumberOfSOCC": 0, "VisitedNodes": 37369, "NonLinearTime": 2.00273, "OptimalityGap": 0.740215, "FBBTIterations": 0, "FirstLowerBound": 0, "InfeasibleNodes": 0, "IntNonLinearTime": 0, "LinearSolvingTime": 496.325, "LinearizationTime": 0.0128469, "NumberOfVariables": 42, "CallsToLinearSolver": 37369, "DegreeReductionTime": 0, "FBBTPreparationTime": 0, "FirstNodeIterations": 249, "NumberOfConstraints": 86, "FirstNodeSolvingTime": 0.0100108, "LinearGenerationTime": 51.2837, "MosekLicenseNotFound": 0, "GurobiLicenseNotFound": 0, "KnitroLicenseNotFound": 0, "SDPCutsGenerationTime": 0, "finishedBeforeReading": 0, "CallsToNonLinearSolver": 18, "NumberOfRLTSolvedNodes": 37369, "NumberOfSDPConstraints": 0, "NumberOfSDPSolvedNodes": 0, "NumberOfSOCPSolvedNodes": 0, "PercentageOfBindingSOCC": 0, "LinearPostProcessingTime": 5.07041, "CallsToNonLinearSolverInt": 0, "LinearSolvingTimeBySolver": 490.445, "NodesDiscardedByFathoming": 0, "NodesDiscardedByTolerance": 0, "finishedBeforeLinearizing": 0, "BoundFactorConstraintsTime": 24.9191, "meanBTRelativeChangeRootNode": 0, "NumberOfChangesFromConicToRLT": 0, "NumberOfBoundFactorConstraints": 700, "PercentageOfOBBTSolvedProblems": 0, "NumberOfLAPACKConvergenceFailures": 0, "PercentageOfBindingSDPConstraints": 0, "NumberOfRLTVariablesAfterLinearization": 215}