{"Itbt": 0, "Pace": 598165, "Depth": 16, "Degree": 3, "RPSTime": 68.6328, "FBBTTime": 0, "OBBTTime": 0, "TotalTime": 598.165, "Iterations": 7600, "LinearTime": 526.646, "LowerBound": 0, "TimeVector": [], "UpperBound": 0.780625, "rootBTTime": 0, "LowerBounds": {}, "SolveResult": 402, "UpperBounds": {}, "MaxQueueSize": 6146, "NumberOfSOCC": 0, "VisitedNodes": 15201, "NonLinearTime": 2.87857, "OptimalityGap": 0.780625, "FBBTIterations": 0, "FirstLowerBound": 0, "InfeasibleNodes": 1289, "IntNonLinearTime": 0, "LinearSolvingTime": 479.232, "LinearizationTime": 0.0293065, "NumberOfVariables": 25, "CallsToLinearSolver": 15201, "DegreeReductionTime": 0, "FBBTPreparationTime": 0, "FirstNodeIterations": 172, "NumberOfConstraints": 62, "FirstNodeSolvingTime": 0.0111132, "LinearGenerationTime": 40.2587, "MosekLicenseNotFound": 0, "GurobiLicenseNotFound": 0, "KnitroLicenseNotFound": 0, "SDPCutsGenerationTime": 0, "finishedBeforeReading": 0, "CallsToNonLinearSolver": 32, "NumberOfRLTSolvedNodes": 15201, "NumberOfSDPConstraints": 0, "NumberOfSDPSolvedNodes": 0, "NumberOfSOCPSolvedNodes": 0, "PercentageOfBindingSOCC": 0, "LinearPostProcessingTime": 2.88556, "CallsToNonLinearSolverInt": 0, "LinearSolvingTimeBySolver": 476.683, "NodesDiscardedByFathoming": 0, "NodesDiscardedByTolerance": 166, "finishedBeforeLinearizing": 0, "BoundFactorConstraintsTime": 50.7803, "meanBTRelativeChangeRootNode": 0, "NumberOfChangesFromConicToRLT": 0, "NumberOfBoundFactorConstraints": 1212, "PercentageOfOBBTSolvedProblems": 0, "NumberOfLAPACKConvergenceFailures": 0, "PercentageOfBindingSDPConstraints": 0, "NumberOfRLTVariablesAfterLinearization": 300}