{"Itbt": 0, "Pace": 116.931, "Depth": 27, "Degree": 2, "RPSTime": 69.7025, "FBBTTime": 0, "OBBTTime": 0, "TotalTime": 600.039, "Iterations": 1450, "LinearTime": 527.799, "LowerBound": -17.4856, "TimeVector": [], "UpperBound": -9.2173, "rootBTTime": 0, "LowerBounds": {}, "SolveResult": 402, "UpperBounds": {}, "MaxQueueSize": 1450, "NumberOfSOCC": 0, "VisitedNodes": 2901, "NonLinearTime": 2.34551, "OptimalityGap": 8.26831, "FBBTIterations": 0, "FirstLowerBound": -22.6158, "InfeasibleNodes": 2, "IntNonLinearTime": 0, "LinearSolvingTime": 484.244, "LinearizationTime": 0.576325, "NumberOfVariables": 50, "CallsToLinearSolver": 2901, "DegreeReductionTime": 0, "FBBTPreparationTime": 0, "FirstNodeIterations": 1326, "NumberOfConstraints": 30, "FirstNodeSolvingTime": 0.206239, "LinearGenerationTime": 35.0545, "MosekLicenseNotFound": 0, "GurobiLicenseNotFound": 0, "KnitroLicenseNotFound": 0, "SDPCutsGenerationTime": 0, "finishedBeforeReading": 0, "CallsToNonLinearSolver": 14, "NumberOfRLTSolvedNodes": 2901, "NumberOfSDPConstraints": 0, "NumberOfSDPSolvedNodes": 0, "NumberOfSOCPSolvedNodes": 0, "PercentageOfBindingSOCC": 0, "LinearPostProcessingTime": 3.23105, "CallsToNonLinearSolverInt": 0, "LinearSolvingTimeBySolver": 483.558, "NodesDiscardedByFathoming": 0, "NodesDiscardedByTolerance": 0, "finishedBeforeLinearizing": 0, "BoundFactorConstraintsTime": 52.7818, "meanBTRelativeChangeRootNode": 0, "NumberOfChangesFromConicToRLT": 0, "NumberOfBoundFactorConstraints": 5050, "PercentageOfOBBTSolvedProblems": 0, "NumberOfLAPACKConvergenceFailures": 0, "PercentageOfBindingSDPConstraints": 0, "NumberOfRLTVariablesAfterLinearization": 1275}