{"Itbt": 0, "Pace": 133.181, "Depth": 23, "Degree": 2, "RPSTime": 53.1118, "FBBTTime": 0, "OBBTTime": 0, "TotalTime": 600.006, "Iterations": 711, "LinearTime": 546.466, "LowerBound": -25.6077, "TimeVector": [], "UpperBound": -15.9549, "rootBTTime": 0, "LowerBounds": {}, "SolveResult": 402, "UpperBounds": {}, "MaxQueueSize": 711, "NumberOfSOCC": 0, "VisitedNodes": 1423, "NonLinearTime": 0.400234, "OptimalityGap": 9.6528, "FBBTIterations": 0, "FirstLowerBound": -30.1118, "InfeasibleNodes": 1, "IntNonLinearTime": 0, "LinearSolvingTime": 524.192, "LinearizationTime": 1.08043, "NumberOfVariables": 60, "CallsToLinearSolver": 1423, "DegreeReductionTime": 0, "FBBTPreparationTime": 0, "FirstNodeIterations": 2987, "NumberOfConstraints": 13, "FirstNodeSolvingTime": 0.378694, "LinearGenerationTime": 15.3632, "MosekLicenseNotFound": 0, "GurobiLicenseNotFound": 0, "KnitroLicenseNotFound": 0, "SDPCutsGenerationTime": 0, "finishedBeforeReading": 0, "CallsToNonLinearSolver": 13, "NumberOfRLTSolvedNodes": 1423, "NumberOfSDPConstraints": 0, "NumberOfSDPSolvedNodes": 0, "NumberOfSOCPSolvedNodes": 0, "PercentageOfBindingSOCC": 0, "LinearPostProcessingTime": 2.44894, "CallsToNonLinearSolverInt": 0, "LinearSolvingTimeBySolver": 523.783, "NodesDiscardedByFathoming": 0, "NodesDiscardedByTolerance": 0, "finishedBeforeLinearizing": 0, "BoundFactorConstraintsTime": 47.3073, "meanBTRelativeChangeRootNode": 0, "NumberOfChangesFromConicToRLT": 0, "NumberOfBoundFactorConstraints": 7244, "PercentageOfOBBTSolvedProblems": 0, "NumberOfLAPACKConvergenceFailures": 0, "PercentageOfBindingSDPConstraints": 0, "NumberOfRLTVariablesAfterLinearization": 1826}