{"Itbt": 0, "Pace": 24.8548, "Depth": 21, "Degree": 2, "RPSTime": 48.7066, "FBBTTime": 0, "OBBTTime": 0, "TotalTime": 600.034, "Iterations": 1154, "LinearTime": 550.849, "LowerBound": -125.17, "TimeVector": [], "UpperBound": -75.6687, "rootBTTime": 0, "LowerBounds": {}, "SolveResult": 402, "UpperBounds": {}, "MaxQueueSize": 1154, "NumberOfSOCC": 0, "VisitedNodes": 2309, "NonLinearTime": 0.461346, "OptimalityGap": 49.5015, "FBBTIterations": 0, "FirstLowerBound": -149.309, "InfeasibleNodes": 1, "IntNonLinearTime": 0, "LinearSolvingTime": 526.014, "LinearizationTime": 0.580948, "NumberOfVariables": 60, "CallsToLinearSolver": 2309, "DegreeReductionTime": 0, "FBBTPreparationTime": 0, "FirstNodeIterations": 2565, "NumberOfConstraints": 13, "FirstNodeSolvingTime": 0.228774, "LinearGenerationTime": 17.4026, "MosekLicenseNotFound": 0, "GurobiLicenseNotFound": 0, "KnitroLicenseNotFound": 0, "SDPCutsGenerationTime": 0, "finishedBeforeReading": 0, "CallsToNonLinearSolver": 14, "NumberOfRLTSolvedNodes": 2309, "NumberOfSDPConstraints": 0, "NumberOfSDPSolvedNodes": 0, "NumberOfSOCPSolvedNodes": 0, "PercentageOfBindingSOCC": 0, "LinearPostProcessingTime": 2.4826, "CallsToNonLinearSolverInt": 0, "LinearSolvingTimeBySolver": 525.441, "NodesDiscardedByFathoming": 0, "NodesDiscardedByTolerance": 0, "finishedBeforeLinearizing": 0, "BoundFactorConstraintsTime": 42.8497, "meanBTRelativeChangeRootNode": 0, "NumberOfChangesFromConicToRLT": 0, "NumberOfBoundFactorConstraints": 5328, "PercentageOfOBBTSolvedProblems": 0, "NumberOfLAPACKConvergenceFailures": 0, "PercentageOfBindingSDPConstraints": 0, "NumberOfRLTVariablesAfterLinearization": 1344}