{"Itbt": 0, "Pace": 15.8617, "Depth": 21, "Degree": 2, "RPSTime": 47.1929, "FBBTTime": 0, "OBBTTime": 0, "TotalTime": 600.133, "Iterations": 512, "LinearTime": 540.721, "LowerBound": -269.617, "TimeVector": [], "UpperBound": -132.743, "rootBTTime": 0, "LowerBounds": {}, "SolveResult": 402, "UpperBounds": {}, "MaxQueueSize": 512, "NumberOfSOCC": 0, "VisitedNodes": 1025, "NonLinearTime": 11.8049, "OptimalityGap": 136.873, "FBBTIterations": 0, "FirstLowerBound": -307.443, "InfeasibleNodes": 2, "IntNonLinearTime": 0, "LinearSolvingTime": 515.217, "LinearizationTime": 1.08142, "NumberOfVariables": 60, "CallsToLinearSolver": 1025, "DegreeReductionTime": 0, "FBBTPreparationTime": 0, "FirstNodeIterations": 2320, "NumberOfConstraints": 36, "FirstNodeSolvingTime": 0.43761, "LinearGenerationTime": 20.1338, "MosekLicenseNotFound": 0, "GurobiLicenseNotFound": 0, "KnitroLicenseNotFound": 0, "SDPCutsGenerationTime": 0, "finishedBeforeReading": 0, "CallsToNonLinearSolver": 13, "NumberOfRLTSolvedNodes": 1025, "NumberOfSDPConstraints": 0, "NumberOfSDPSolvedNodes": 0, "NumberOfSOCPSolvedNodes": 0, "PercentageOfBindingSOCC": 0, "LinearPostProcessingTime": 1.84617, "CallsToNonLinearSolverInt": 0, "LinearSolvingTimeBySolver": 514.863, "NodesDiscardedByFathoming": 0, "NodesDiscardedByTolerance": 0, "finishedBeforeLinearizing": 0, "BoundFactorConstraintsTime": 35.8659, "meanBTRelativeChangeRootNode": 0, "NumberOfChangesFromConicToRLT": 0, "NumberOfBoundFactorConstraints": 7260, "PercentageOfOBBTSolvedProblems": 0, "NumberOfLAPACKConvergenceFailures": 0, "PercentageOfBindingSDPConstraints": 0, "NumberOfRLTVariablesAfterLinearization": 1830}