{"Itbt": 0, "Pace": 38.7122, "Depth": 44, "Degree": 2, "RPSTime": 72.7978, "FBBTTime": 0, "OBBTTime": 0, "TotalTime": 600.044, "Iterations": 1470, "LinearTime": 522.998, "LowerBound": -81.5407, "TimeVector": [], "UpperBound": -72.3766, "rootBTTime": 0, "LowerBounds": {}, "SolveResult": 402, "UpperBounds": {}, "MaxQueueSize": 1337, "NumberOfSOCC": 0, "VisitedNodes": 2941, "NonLinearTime": 4.05059, "OptimalityGap": 9.16413, "FBBTIterations": 0, "FirstLowerBound": -97.0387, "InfeasibleNodes": 1, "IntNonLinearTime": 0, "LinearSolvingTime": 476.786, "LinearizationTime": 0.534138, "NumberOfVariables": 50, "CallsToLinearSolver": 2941, "DegreeReductionTime": 0, "FBBTPreparationTime": 0, "FirstNodeIterations": 1446, "NumberOfConstraints": 55, "FirstNodeSolvingTime": 0.148341, "LinearGenerationTime": 38.1991, "MosekLicenseNotFound": 0, "GurobiLicenseNotFound": 0, "KnitroLicenseNotFound": 0, "SDPCutsGenerationTime": 0, "finishedBeforeReading": 0, "CallsToNonLinearSolver": 14, "NumberOfRLTSolvedNodes": 2941, "NumberOfSDPConstraints": 0, "NumberOfSDPSolvedNodes": 0, "NumberOfSOCPSolvedNodes": 0, "PercentageOfBindingSOCC": 0, "LinearPostProcessingTime": 2.93101, "CallsToNonLinearSolverInt": 0, "LinearSolvingTimeBySolver": 476.103, "NodesDiscardedByFathoming": 0, "NodesDiscardedByTolerance": 133, "finishedBeforeLinearizing": 0, "BoundFactorConstraintsTime": 54.4421, "meanBTRelativeChangeRootNode": 0, "NumberOfChangesFromConicToRLT": 0, "NumberOfBoundFactorConstraints": 5050, "PercentageOfOBBTSolvedProblems": 0, "NumberOfLAPACKConvergenceFailures": 0, "PercentageOfBindingSDPConstraints": 0, "NumberOfRLTVariablesAfterLinearization": 1275}