{"Itbt": 0, "Pace": 118.896, "Depth": 16, "Degree": 2, "RPSTime": 45.9012, "FBBTTime": 0, "OBBTTime": 0, "TotalTime": 600.265, "Iterations": 642, "LinearTime": 553.814, "LowerBound": -32.16, "TimeVector": [], "UpperBound": -14.6263, "rootBTTime": 0, "LowerBounds": {}, "SolveResult": 402, "UpperBounds": {}, "MaxQueueSize": 642, "NumberOfSOCC": 0, "VisitedNodes": 1285, "NonLinearTime": 0.492902, "OptimalityGap": 17.5337, "FBBTIterations": 0, "FirstLowerBound": -37.2054, "InfeasibleNodes": 2, "IntNonLinearTime": 0, "LinearSolvingTime": 534.077, "LinearizationTime": 1.08947, "NumberOfVariables": 60, "CallsToLinearSolver": 1285, "DegreeReductionTime": 0, "FBBTPreparationTime": 0, "FirstNodeIterations": 3051, "NumberOfConstraints": 7, "FirstNodeSolvingTime": 0.429876, "LinearGenerationTime": 13.517, "MosekLicenseNotFound": 0, "GurobiLicenseNotFound": 0, "KnitroLicenseNotFound": 0, "SDPCutsGenerationTime": 0, "finishedBeforeReading": 0, "CallsToNonLinearSolver": 13, "NumberOfRLTSolvedNodes": 1285, "NumberOfSDPConstraints": 0, "NumberOfSDPSolvedNodes": 0, "NumberOfSOCPSolvedNodes": 0, "PercentageOfBindingSOCC": 0, "LinearPostProcessingTime": 2.15364, "CallsToNonLinearSolverInt": 0, "LinearSolvingTimeBySolver": 533.717, "NodesDiscardedByFathoming": 0, "NodesDiscardedByTolerance": 0, "finishedBeforeLinearizing": 0, "BoundFactorConstraintsTime": 40.5241, "meanBTRelativeChangeRootNode": 0, "NumberOfChangesFromConicToRLT": 0, "NumberOfBoundFactorConstraints": 7240, "PercentageOfOBBTSolvedProblems": 0, "NumberOfLAPACKConvergenceFailures": 0, "PercentageOfBindingSDPConstraints": 0, "NumberOfRLTVariablesAfterLinearization": 1825}