{"Itbt": 0, "Pace": 20.2467, "Depth": 103, "Degree": 2, "RPSTime": 95.0668, "FBBTTime": 0, "OBBTTime": 0, "TotalTime": 600.034, "Iterations": 5567, "LinearTime": 498.464, "LowerBound": -126.114, "TimeVector": [], "UpperBound": -78.6716, "rootBTTime": 0, "LowerBounds": {}, "SolveResult": 402, "UpperBounds": {}, "MaxQueueSize": 5568, "NumberOfSOCC": 0, "VisitedNodes": 11135, "NonLinearTime": 6.3041, "OptimalityGap": 47.4424, "FBBTIterations": 0, "FirstLowerBound": -155.747, "InfeasibleNodes": 0, "IntNonLinearTime": 0, "LinearSolvingTime": 393.496, "LinearizationTime": 0.127412, "NumberOfVariables": 50, "CallsToLinearSolver": 11135, "DegreeReductionTime": 0, "FBBTPreparationTime": 0, "FirstNodeIterations": 593, "NumberOfConstraints": 50, "FirstNodeSolvingTime": 0.0607944, "LinearGenerationTime": 91.7604, "MosekLicenseNotFound": 0, "GurobiLicenseNotFound": 0, "KnitroLicenseNotFound": 0, "SDPCutsGenerationTime": 0, "finishedBeforeReading": 0, "CallsToNonLinearSolver": 16, "NumberOfRLTSolvedNodes": 11135, "NumberOfSDPConstraints": 0, "NumberOfSDPSolvedNodes": 0, "NumberOfSOCPSolvedNodes": 0, "PercentageOfBindingSOCC": 0, "LinearPostProcessingTime": 5.7659, "CallsToNonLinearSolverInt": 0, "LinearSolvingTimeBySolver": 391.302, "NodesDiscardedByFathoming": 0, "NodesDiscardedByTolerance": 0, "finishedBeforeLinearizing": 0, "BoundFactorConstraintsTime": 51.2701, "meanBTRelativeChangeRootNode": 0, "NumberOfChangesFromConicToRLT": 0, "NumberOfBoundFactorConstraints": 2500, "PercentageOfOBBTSolvedProblems": 0, "NumberOfLAPACKConvergenceFailures": 0, "PercentageOfBindingSDPConstraints": 0, "NumberOfRLTVariablesAfterLinearization": 625}