{"Itbt": 0, "Pace": 36.972, "Depth": 123, "Degree": 2, "RPSTime": 111.409, "FBBTTime": 0, "OBBTTime": 0, "TotalTime": 599.953, "Iterations": 8286, "LinearTime": 485.438, "LowerBound": -59.3288, "TimeVector": [], "UpperBound": -51.4782, "rootBTTime": 0, "LowerBounds": {}, "SolveResult": 402, "UpperBounds": {}, "MaxQueueSize": 7789, "NumberOfSOCC": 0, "VisitedNodes": 16573, "NonLinearTime": 3.01451, "OptimalityGap": 7.85057, "FBBTIterations": 0, "FirstLowerBound": -75.555, "InfeasibleNodes": 0, "IntNonLinearTime": 0, "LinearSolvingTime": 370.834, "LinearizationTime": 0.106197, "NumberOfVariables": 48, "CallsToLinearSolver": 16573, "DegreeReductionTime": 0, "FBBTPreparationTime": 0, "FirstNodeIterations": 504, "NumberOfConstraints": 48, "FirstNodeSolvingTime": 0.0277396, "LinearGenerationTime": 97.0554, "MosekLicenseNotFound": 0, "GurobiLicenseNotFound": 0, "KnitroLicenseNotFound": 0, "SDPCutsGenerationTime": 0, "finishedBeforeReading": 0, "CallsToNonLinearSolver": 17, "NumberOfRLTSolvedNodes": 16573, "NumberOfSDPConstraints": 0, "NumberOfSDPSolvedNodes": 0, "NumberOfSOCPSolvedNodes": 0, "PercentageOfBindingSOCC": 0, "LinearPostProcessingTime": 7.67908, "CallsToNonLinearSolverInt": 0, "LinearSolvingTimeBySolver": 367.654, "NodesDiscardedByFathoming": 0, "NodesDiscardedByTolerance": 498, "finishedBeforeLinearizing": 0, "BoundFactorConstraintsTime": 70.3988, "meanBTRelativeChangeRootNode": 0, "NumberOfChangesFromConicToRLT": 0, "NumberOfBoundFactorConstraints": 2304, "PercentageOfOBBTSolvedProblems": 0, "NumberOfLAPACKConvergenceFailures": 0, "PercentageOfBindingSDPConstraints": 0, "NumberOfRLTVariablesAfterLinearization": 576}