{"Itbt": 0, "Pace": 23.2588, "Depth": 98, "Degree": 2, "RPSTime": 115.703, "FBBTTime": 0, "OBBTTime": 0, "TotalTime": 600.018, "Iterations": 14162, "LinearTime": 481.268, "LowerBound": -71.3043, "TimeVector": [], "UpperBound": -55.7089, "rootBTTime": 0, "LowerBounds": {}, "SolveResult": 402, "UpperBounds": {}, "MaxQueueSize": 14119, "NumberOfSOCC": 0, "VisitedNodes": 28325, "NonLinearTime": 2.95033, "OptimalityGap": 15.5954, "FBBTIterations": 0, "FirstLowerBound": -97.1, "InfeasibleNodes": 0, "IntNonLinearTime": 0, "LinearSolvingTime": 333.723, "LinearizationTime": 0.0507487, "NumberOfVariables": 40, "CallsToLinearSolver": 28325, "DegreeReductionTime": 0, "FBBTPreparationTime": 0, "FirstNodeIterations": 322, "NumberOfConstraints": 40, "FirstNodeSolvingTime": 0.0195999, "LinearGenerationTime": 129.9, "MosekLicenseNotFound": 0, "GurobiLicenseNotFound": 0, "KnitroLicenseNotFound": 0, "SDPCutsGenerationTime": 0, "finishedBeforeReading": 0, "CallsToNonLinearSolver": 17, "NumberOfRLTSolvedNodes": 28325, "NumberOfSDPConstraints": 0, "NumberOfSDPSolvedNodes": 0, "NumberOfSOCPSolvedNodes": 0, "PercentageOfBindingSOCC": 0, "LinearPostProcessingTime": 8.99907, "CallsToNonLinearSolverInt": 0, "LinearSolvingTimeBySolver": 328.762, "NodesDiscardedByFathoming": 0, "NodesDiscardedByTolerance": 44, "finishedBeforeLinearizing": 0, "BoundFactorConstraintsTime": 67.0401, "meanBTRelativeChangeRootNode": 0, "NumberOfChangesFromConicToRLT": 0, "NumberOfBoundFactorConstraints": 1600, "PercentageOfOBBTSolvedProblems": 0, "NumberOfLAPACKConvergenceFailures": 0, "PercentageOfBindingSDPConstraints": 0, "NumberOfRLTVariablesAfterLinearization": 400}