{"Itbt": 0, "Pace": 40.7976, "Depth": 98, "Degree": 2, "RPSTime": 106.482, "FBBTTime": 0, "OBBTTime": 0, "TotalTime": 600.04, "Iterations": 6866, "LinearTime": 488.243, "LowerBound": -47.4742, "TimeVector": [], "UpperBound": -38.3101, "rootBTTime": 0, "LowerBounds": {}, "SolveResult": 402, "UpperBounds": {}, "MaxQueueSize": 6679, "NumberOfSOCC": 0, "VisitedNodes": 13733, "NonLinearTime": 5.13856, "OptimalityGap": 9.16413, "FBBTIterations": 0, "FirstLowerBound": -62.18, "InfeasibleNodes": 0, "IntNonLinearTime": 0, "LinearSolvingTime": 356.629, "LinearizationTime": 0.11098, "NumberOfVariables": 48, "CallsToLinearSolver": 13733, "DegreeReductionTime": 0, "FBBTPreparationTime": 0, "FirstNodeIterations": 401, "NumberOfConstraints": 96, "FirstNodeSolvingTime": 0.0447167, "LinearGenerationTime": 117.12, "MosekLicenseNotFound": 0, "GurobiLicenseNotFound": 0, "KnitroLicenseNotFound": 0, "SDPCutsGenerationTime": 0, "finishedBeforeReading": 0, "CallsToNonLinearSolver": 16, "NumberOfRLTSolvedNodes": 13733, "NumberOfSDPConstraints": 0, "NumberOfSDPSolvedNodes": 0, "NumberOfSOCPSolvedNodes": 0, "PercentageOfBindingSOCC": 0, "LinearPostProcessingTime": 6.21652, "CallsToNonLinearSolverInt": 0, "LinearSolvingTimeBySolver": 354.051, "NodesDiscardedByFathoming": 0, "NodesDiscardedByTolerance": 188, "finishedBeforeLinearizing": 0, "BoundFactorConstraintsTime": 56.5112, "meanBTRelativeChangeRootNode": 0, "NumberOfChangesFromConicToRLT": 0, "NumberOfBoundFactorConstraints": 2304, "PercentageOfOBBTSolvedProblems": 0, "NumberOfLAPACKConvergenceFailures": 0, "PercentageOfBindingSDPConstraints": 0, "NumberOfRLTVariablesAfterLinearization": 576}