{"Itbt": 0, "Pace": 11.5949, "Depth": 24, "Degree": 2, "RPSTime": 103.84, "FBBTTime": 0, "OBBTTime": 0, "TotalTime": 600.14, "Iterations": 1660, "LinearTime": 466.854, "LowerBound": -253.657, "TimeVector": [], "UpperBound": -107.373, "rootBTTime": 0, "LowerBounds": {}, "SolveResult": 402, "UpperBounds": {}, "MaxQueueSize": 1660, "NumberOfSOCC": 0, "VisitedNodes": 3321, "NonLinearTime": 28.78, "OptimalityGap": 146.284, "FBBTIterations": 0, "FirstLowerBound": -305.403, "InfeasibleNodes": 1, "IntNonLinearTime": 0, "LinearSolvingTime": 384.235, "LinearizationTime": 0.530063, "NumberOfVariables": 50, "CallsToLinearSolver": 3321, "DegreeReductionTime": 0, "FBBTPreparationTime": 0, "FirstNodeIterations": 1065, "NumberOfConstraints": 75, "FirstNodeSolvingTime": 0.144429, "LinearGenerationTime": 71.5951, "MosekLicenseNotFound": 0, "GurobiLicenseNotFound": 0, "KnitroLicenseNotFound": 0, "SDPCutsGenerationTime": 0, "finishedBeforeReading": 0, "CallsToNonLinearSolver": 14, "NumberOfRLTSolvedNodes": 3321, "NumberOfSDPConstraints": 0, "NumberOfSDPSolvedNodes": 0, "NumberOfSOCPSolvedNodes": 0, "PercentageOfBindingSOCC": 0, "LinearPostProcessingTime": 4.17441, "CallsToNonLinearSolverInt": 0, "LinearSolvingTimeBySolver": 383.261, "NodesDiscardedByFathoming": 0, "NodesDiscardedByTolerance": 0, "finishedBeforeLinearizing": 0, "BoundFactorConstraintsTime": 61.3143, "meanBTRelativeChangeRootNode": 0, "NumberOfChangesFromConicToRLT": 0, "NumberOfBoundFactorConstraints": 5050, "PercentageOfOBBTSolvedProblems": 0, "NumberOfLAPACKConvergenceFailures": 0, "PercentageOfBindingSDPConstraints": 0, "NumberOfRLTVariablesAfterLinearization": 1275}