{"Itbt": 0, "Pace": 0.145463, "Depth": 10, "Degree": 6, "RPSTime": 42.0297, "FBBTTime": 0, "OBBTTime": 0, "TotalTime": 600.11, "Iterations": 71, "LinearTime": 557.836, "LowerBound": 15442.3, "TimeVector": [], "UpperBound": 15640.6, "rootBTTime": 0, "LowerBounds": {}, "SolveResult": 402, "UpperBounds": {}, "MaxQueueSize": 38, "NumberOfSOCC": 0, "VisitedNodes": 143, "NonLinearTime": 0.213301, "OptimalityGap": 198.284, "FBBTIterations": 0, "FirstLowerBound": 11317.5, "InfeasibleNodes": 3, "IntNonLinearTime": 0, "LinearSolvingTime": 546.182, "LinearizationTime": 0.456805, "NumberOfVariables": 6, "CallsToLinearSolver": 143, "DegreeReductionTime": 0, "FBBTPreparationTime": 0, "FirstNodeIterations": 6188, "NumberOfConstraints": 6, "FirstNodeSolvingTime": 3.96154, "LinearGenerationTime": 10.9509, "MosekLicenseNotFound": 0, "GurobiLicenseNotFound": 0, "KnitroLicenseNotFound": 0, "SDPCutsGenerationTime": 0, "finishedBeforeReading": 0, "CallsToNonLinearSolver": 10, "NumberOfRLTSolvedNodes": 143, "NumberOfSDPConstraints": 0, "NumberOfSDPSolvedNodes": 0, "NumberOfSOCPSolvedNodes": 0, "PercentageOfBindingSOCC": 0, "LinearPostProcessingTime": 0.215099, "CallsToNonLinearSolverInt": 0, "LinearSolvingTimeBySolver": 544.484, "NodesDiscardedByFathoming": 0, "NodesDiscardedByTolerance": 32, "finishedBeforeLinearizing": 0, "BoundFactorConstraintsTime": 38.9283, "meanBTRelativeChangeRootNode": 0, "NumberOfChangesFromConicToRLT": 0, "NumberOfBoundFactorConstraints": 6624, "PercentageOfOBBTSolvedProblems": 0, "NumberOfLAPACKConvergenceFailures": 0, "PercentageOfBindingSDPConstraints": 0, "NumberOfRLTVariablesAfterLinearization": 695}