{"Itbt": 0, "Pace": 0.118648, "Depth": 14, "Degree": 6, "RPSTime": 50.5509, "FBBTTime": 0, "OBBTTime": 0, "TotalTime": 600.644, "Iterations": 90, "LinearTime": 549.911, "LowerBound": 19260.1, "TimeVector": [], "UpperBound": 19285.3, "rootBTTime": 0, "LowerBounds": {}, "SolveResult": 402, "UpperBounds": {}, "MaxQueueSize": 25, "NumberOfSOCC": 0, "VisitedNodes": 181, "NonLinearTime": 0.173602, "OptimalityGap": 25.1675, "FBBTIterations": 0, "FirstLowerBound": 14203.1, "InfeasibleNodes": 19, "IntNonLinearTime": 0, "LinearSolvingTime": 536.847, "LinearizationTime": 0.41372, "NumberOfVariables": 6, "CallsToLinearSolver": 181, "DegreeReductionTime": 0, "FBBTPreparationTime": 0, "FirstNodeIterations": 5418, "NumberOfConstraints": 8, "FirstNodeSolvingTime": 3.19485, "LinearGenerationTime": 12.3907, "MosekLicenseNotFound": 0, "GurobiLicenseNotFound": 0, "KnitroLicenseNotFound": 0, "SDPCutsGenerationTime": 0, "finishedBeforeReading": 0, "CallsToNonLinearSolver": 10, "NumberOfRLTSolvedNodes": 181, "NumberOfSDPConstraints": 0, "NumberOfSDPSolvedNodes": 0, "NumberOfSOCPSolvedNodes": 0, "PercentageOfBindingSOCC": 0, "LinearPostProcessingTime": 0.227287, "CallsToNonLinearSolverInt": 0, "LinearSolvingTimeBySolver": 534.921, "NodesDiscardedByFathoming": 0, "NodesDiscardedByTolerance": 66, "finishedBeforeLinearizing": 0, "BoundFactorConstraintsTime": 43.6629, "meanBTRelativeChangeRootNode": 0, "NumberOfChangesFromConicToRLT": 0, "NumberOfBoundFactorConstraints": 6004, "PercentageOfOBBTSolvedProblems": 0, "NumberOfLAPACKConvergenceFailures": 0, "PercentageOfBindingSDPConstraints": 0, "NumberOfRLTVariablesAfterLinearization": 675}