{"Itbt": 0, "Pace": 0.126111, "Depth": 9, "Degree": 6, "RPSTime": 39.1173, "FBBTTime": 0, "OBBTTime": 0, "TotalTime": 600.557, "Iterations": 74, "LinearTime": 561.258, "LowerBound": 14608.3, "TimeVector": [], "UpperBound": 14829.7, "rootBTTime": 0, "LowerBounds": {}, "SolveResult": 402, "UpperBounds": {}, "MaxQueueSize": 44, "NumberOfSOCC": 0, "VisitedNodes": 149, "NonLinearTime": 0.173273, "OptimalityGap": 221.426, "FBBTIterations": 0, "FirstLowerBound": 9850.57, "InfeasibleNodes": 2, "IntNonLinearTime": 0, "LinearSolvingTime": 550.092, "LinearizationTime": 0.39797, "NumberOfVariables": 6, "CallsToLinearSolver": 149, "DegreeReductionTime": 0, "FBBTPreparationTime": 0, "FirstNodeIterations": 10155, "NumberOfConstraints": 6, "FirstNodeSolvingTime": 5.55498, "LinearGenerationTime": 10.5487, "MosekLicenseNotFound": 0, "GurobiLicenseNotFound": 0, "KnitroLicenseNotFound": 0, "SDPCutsGenerationTime": 0, "finishedBeforeReading": 0, "CallsToNonLinearSolver": 10, "NumberOfRLTSolvedNodes": 149, "NumberOfSDPConstraints": 0, "NumberOfSDPSolvedNodes": 0, "NumberOfSOCPSolvedNodes": 0, "PercentageOfBindingSOCC": 0, "LinearPostProcessingTime": 0.215731, "CallsToNonLinearSolverInt": 0, "LinearSolvingTimeBySolver": 548.378, "NodesDiscardedByFathoming": 0, "NodesDiscardedByTolerance": 30, "finishedBeforeLinearizing": 0, "BoundFactorConstraintsTime": 36.289, "meanBTRelativeChangeRootNode": 0, "NumberOfChangesFromConicToRLT": 0, "NumberOfBoundFactorConstraints": 6232, "PercentageOfOBBTSolvedProblems": 0, "NumberOfLAPACKConvergenceFailures": 0, "PercentageOfBindingSDPConstraints": 0, "NumberOfRLTVariablesAfterLinearization": 685}