{"Itbt": 0, "Pace": 0.118031, "Depth": 13, "Degree": 6, "RPSTime": 55.975, "FBBTTime": 0, "OBBTTime": 0, "TotalTime": 600.812, "Iterations": 89, "LinearTime": 544.62, "LowerBound": 15941.6, "TimeVector": [], "UpperBound": 15958.5, "rootBTTime": 0, "LowerBounds": {}, "SolveResult": 402, "UpperBounds": {}, "MaxQueueSize": 22, "NumberOfSOCC": 0, "VisitedNodes": 179, "NonLinearTime": 0.209478, "OptimalityGap": 16.9517, "FBBTIterations": 0, "FirstLowerBound": 10858.2, "InfeasibleNodes": 33, "IntNonLinearTime": 0, "LinearSolvingTime": 530.165, "LinearizationTime": 0.406227, "NumberOfVariables": 6, "CallsToLinearSolver": 179, "DegreeReductionTime": 0, "FBBTPreparationTime": 0, "FirstNodeIterations": 6068, "NumberOfConstraints": 8, "FirstNodeSolvingTime": 3.69133, "LinearGenerationTime": 13.6309, "MosekLicenseNotFound": 0, "GurobiLicenseNotFound": 0, "KnitroLicenseNotFound": 0, "SDPCutsGenerationTime": 0, "finishedBeforeReading": 0, "CallsToNonLinearSolver": 10, "NumberOfRLTSolvedNodes": 179, "NumberOfSDPConstraints": 0, "NumberOfSDPSolvedNodes": 0, "NumberOfSOCPSolvedNodes": 0, "PercentageOfBindingSOCC": 0, "LinearPostProcessingTime": 0.192146, "CallsToNonLinearSolverInt": 0, "LinearSolvingTimeBySolver": 528.233, "NodesDiscardedByFathoming": 2, "NodesDiscardedByTolerance": 53, "finishedBeforeLinearizing": 0, "BoundFactorConstraintsTime": 48.2904, "meanBTRelativeChangeRootNode": 0, "NumberOfChangesFromConicToRLT": 0, "NumberOfBoundFactorConstraints": 6325, "PercentageOfOBBTSolvedProblems": 0, "NumberOfLAPACKConvergenceFailures": 0, "PercentageOfBindingSDPConstraints": 0, "NumberOfRLTVariablesAfterLinearization": 688}