{"Itbt": 0, "Pace": 1476.17, "Depth": 310, "Degree": 2, "RPSTime": 77.0137, "FBBTTime": 0, "OBBTTime": 0, "TotalTime": 600.017, "Iterations": 108488, "LinearTime": 519.614, "LowerBound": 2.03678, "TimeVector": [], "UpperBound": 3.23402, "rootBTTime": 0, "LowerBounds": {}, "SolveResult": 402, "UpperBounds": {}, "MaxQueueSize": 46744, "NumberOfSOCC": 0, "VisitedNodes": 216977, "NonLinearTime": 3.36767, "OptimalityGap": 1.19724, "FBBTIterations": 0, "FirstLowerBound": 1.63132, "InfeasibleNodes": 55570, "IntNonLinearTime": 0, "LinearSolvingTime": 387.446, "LinearizationTime": 0.00169111, "NumberOfVariables": 62, "CallsToLinearSolver": 216977, "DegreeReductionTime": 0, "FBBTPreparationTime": 0, "FirstNodeIterations": 28, "NumberOfConstraints": 53, "FirstNodeSolvingTime": 0.00462489, "LinearGenerationTime": 109.246, "MosekLicenseNotFound": 0, "GurobiLicenseNotFound": 0, "KnitroLicenseNotFound": 0, "SDPCutsGenerationTime": 0, "finishedBeforeReading": 0, "CallsToNonLinearSolver": 20, "NumberOfRLTSolvedNodes": 216977, "NumberOfSDPConstraints": 0, "NumberOfSDPSolvedNodes": 0, "NumberOfSOCPSolvedNodes": 0, "PercentageOfBindingSOCC": 0, "LinearPostProcessingTime": 10.252, "CallsToNonLinearSolverInt": 0, "LinearSolvingTimeBySolver": 373.43, "NodesDiscardedByFathoming": 0, "NodesDiscardedByTolerance": 6175, "finishedBeforeLinearizing": 0, "BoundFactorConstraintsTime": 36.5669, "meanBTRelativeChangeRootNode": 0, "NumberOfChangesFromConicToRLT": 0, "NumberOfBoundFactorConstraints": 280, "PercentageOfOBBTSolvedProblems": 0, "NumberOfLAPACKConvergenceFailures": 0, "PercentageOfBindingSDPConstraints": 0, "NumberOfRLTVariablesAfterLinearization": 70}