{"Itbt": 0, "Pace": 0.174739, "Depth": 46, "Degree": 2, "RPSTime": 120.145, "FBBTTime": 0, "OBBTTime": 0, "TotalTime": 600.006, "Iterations": 221224, "LinearTime": 479.409, "LowerBound": -6266.32, "TimeVector": [], "UpperBound": -3500, "rootBTTime": 0, "LowerBounds": {}, "SolveResult": 402, "UpperBounds": {}, "MaxQueueSize": 196677, "NumberOfSOCC": 0, "VisitedNodes": 442449, "NonLinearTime": 0.412409, "OptimalityGap": 2766.32, "FBBTIterations": 0, "FirstLowerBound": -9700, "InfeasibleNodes": 21911, "IntNonLinearTime": 0, "LinearSolvingTime": 242.351, "LinearizationTime": 0.00115359, "NumberOfVariables": 32, "CallsToLinearSolver": 442449, "DegreeReductionTime": 0, "FBBTPreparationTime": 0, "FirstNodeIterations": 11, "NumberOfConstraints": 19, "FirstNodeSolvingTime": 0.00384794, "LinearGenerationTime": 185.3, "MosekLicenseNotFound": 0, "GurobiLicenseNotFound": 0, "KnitroLicenseNotFound": 0, "SDPCutsGenerationTime": 0, "finishedBeforeReading": 0, "CallsToNonLinearSolver": 21, "NumberOfRLTSolvedNodes": 442449, "NumberOfSDPConstraints": 0, "NumberOfSDPSolvedNodes": 0, "NumberOfSOCPSolvedNodes": 0, "PercentageOfBindingSOCC": 0, "LinearPostProcessingTime": 20.6018, "CallsToNonLinearSolverInt": 0, "LinearSolvingTimeBySolver": 221.097, "NodesDiscardedByFathoming": 0, "NodesDiscardedByTolerance": 2637, "finishedBeforeLinearizing": 0, "BoundFactorConstraintsTime": 69.3154, "meanBTRelativeChangeRootNode": 0, "NumberOfChangesFromConicToRLT": 0, "NumberOfBoundFactorConstraints": 240, "PercentageOfOBBTSolvedProblems": 0, "NumberOfLAPACKConvergenceFailures": 0, "PercentageOfBindingSDPConstraints": 0, "NumberOfRLTVariablesAfterLinearization": 60}