{"Itbt": 0, "Pace": 599867, "Depth": 17, "Degree": 2, "RPSTime": 161.571, "FBBTTime": 0, "OBBTTime": 0, "TotalTime": 599.867, "Iterations": 88674, "LinearTime": 435.702, "LowerBound": -10, "TimeVector": [], "UpperBound": -0.0691196, "rootBTTime": 0, "LowerBounds": {}, "SolveResult": 402, "UpperBounds": {}, "MaxQueueSize": 87334, "NumberOfSOCC": 0, "VisitedNodes": 177349, "NonLinearTime": 2.57356, "OptimalityGap": 9.93088, "FBBTIterations": 0, "FirstLowerBound": -10, "InfeasibleNodes": 1145, "IntNonLinearTime": 0, "LinearSolvingTime": 192.345, "LinearizationTime": 0.0109064, "NumberOfVariables": 110, "CallsToLinearSolver": 177349, "DegreeReductionTime": 0, "FBBTPreparationTime": 0, "FirstNodeIterations": 29, "NumberOfConstraints": 76, "FirstNodeSolvingTime": 0.00687284, "LinearGenerationTime": 194.736, "MosekLicenseNotFound": 0, "GurobiLicenseNotFound": 0, "KnitroLicenseNotFound": 0, "SDPCutsGenerationTime": 0, "finishedBeforeReading": 0, "CallsToNonLinearSolver": 20, "NumberOfRLTSolvedNodes": 177349, "NumberOfSDPConstraints": 0, "NumberOfSDPSolvedNodes": 0, "NumberOfSOCPSolvedNodes": 0, "PercentageOfBindingSOCC": 0, "LinearPostProcessingTime": 24.2517, "CallsToNonLinearSolverInt": 0, "LinearSolvingTimeBySolver": 179.146, "NodesDiscardedByFathoming": 0, "NodesDiscardedByTolerance": 196, "finishedBeforeLinearizing": 0, "BoundFactorConstraintsTime": 96.1555, "meanBTRelativeChangeRootNode": 0, "NumberOfChangesFromConicToRLT": 0, "NumberOfBoundFactorConstraints": 731, "PercentageOfOBBTSolvedProblems": 0, "NumberOfLAPACKConvergenceFailures": 0, "PercentageOfBindingSDPConstraints": 0, "NumberOfRLTVariablesAfterLinearization": 184}