{"Itbt": 0, "Pace": 600000, "Depth": 17, "Degree": 2, "RPSTime": 161.52, "FBBTTime": 0, "OBBTTime": 0, "TotalTime": 600.022, "Iterations": 88982, "LinearTime": 429.734, "LowerBound": -10, "TimeVector": [], "UpperBound": -0.416603, "rootBTTime": 0, "LowerBounds": {}, "SolveResult": 402, "UpperBounds": {}, "MaxQueueSize": 86471, "NumberOfSOCC": 0, "VisitedNodes": 177965, "NonLinearTime": 8.72451, "OptimalityGap": 9.5834, "FBBTIterations": 0, "FirstLowerBound": -10, "InfeasibleNodes": 1505, "IntNonLinearTime": 0, "LinearSolvingTime": 186.904, "LinearizationTime": 0.0108908, "NumberOfVariables": 110, "CallsToLinearSolver": 177965, "DegreeReductionTime": 0, "FBBTPreparationTime": 0, "FirstNodeIterations": 29, "NumberOfConstraints": 76, "FirstNodeSolvingTime": 0.277059, "LinearGenerationTime": 193.624, "MosekLicenseNotFound": 0, "GurobiLicenseNotFound": 0, "KnitroLicenseNotFound": 0, "SDPCutsGenerationTime": 0, "finishedBeforeReading": 0, "CallsToNonLinearSolver": 20, "NumberOfRLTSolvedNodes": 177965, "NumberOfSDPConstraints": 0, "NumberOfSDPSolvedNodes": 0, "NumberOfSOCPSolvedNodes": 0, "PercentageOfBindingSOCC": 0, "LinearPostProcessingTime": 24.4272, "CallsToNonLinearSolverInt": 0, "LinearSolvingTimeBySolver": 173.831, "NodesDiscardedByFathoming": 0, "NodesDiscardedByTolerance": 1007, "finishedBeforeLinearizing": 0, "BoundFactorConstraintsTime": 95.4798, "meanBTRelativeChangeRootNode": 0, "NumberOfChangesFromConicToRLT": 0, "NumberOfBoundFactorConstraints": 731, "PercentageOfOBBTSolvedProblems": 0, "NumberOfLAPACKConvergenceFailures": 0, "PercentageOfBindingSDPConstraints": 0, "NumberOfRLTVariablesAfterLinearization": 184}