{"Itbt": 0, "Pace": 599877, "Depth": 17, "Degree": 2, "RPSTime": 168.768, "FBBTTime": 0, "OBBTTime": 0, "TotalTime": 599.877, "Iterations": 68281, "LinearTime": 426.742, "LowerBound": -10, "TimeVector": [], "UpperBound": -3.25612, "rootBTTime": 0, "LowerBounds": {}, "SolveResult": 402, "UpperBounds": {}, "MaxQueueSize": 66375, "NumberOfSOCC": 0, "VisitedNodes": 136563, "NonLinearTime": 4.34769, "OptimalityGap": 6.74388, "FBBTIterations": 0, "FirstLowerBound": -10, "InfeasibleNodes": 1896, "IntNonLinearTime": 0, "LinearSolvingTime": 189.383, "LinearizationTime": 0.0174276, "NumberOfVariables": 126, "CallsToLinearSolver": 136563, "DegreeReductionTime": 0, "FBBTPreparationTime": 0, "FirstNodeIterations": 32, "NumberOfConstraints": 93, "FirstNodeSolvingTime": 0.0078527, "LinearGenerationTime": 185.37, "MosekLicenseNotFound": 0, "GurobiLicenseNotFound": 0, "KnitroLicenseNotFound": 0, "SDPCutsGenerationTime": 0, "finishedBeforeReading": 0, "CallsToNonLinearSolver": 20, "NumberOfRLTSolvedNodes": 136563, "NumberOfSDPConstraints": 0, "NumberOfSDPSolvedNodes": 0, "NumberOfSOCPSolvedNodes": 0, "PercentageOfBindingSOCC": 0, "LinearPostProcessingTime": 24.2297, "CallsToNonLinearSolverInt": 0, "LinearSolvingTimeBySolver": 178.07, "NodesDiscardedByFathoming": 0, "NodesDiscardedByTolerance": 11, "finishedBeforeLinearizing": 0, "BoundFactorConstraintsTime": 96.4229, "meanBTRelativeChangeRootNode": 0, "NumberOfChangesFromConicToRLT": 0, "NumberOfBoundFactorConstraints": 930, "PercentageOfOBBTSolvedProblems": 0, "NumberOfLAPACKConvergenceFailures": 0, "PercentageOfBindingSDPConstraints": 0, "NumberOfRLTVariablesAfterLinearization": 235}