{"Itbt": 0, "Pace": 187.624, "Depth": 27, "Degree": 2, "RPSTime": 126.893, "FBBTTime": 0, "OBBTTime": 0, "TotalTime": 600.001, "Iterations": 419767, "LinearTime": 472.847, "LowerBound": -1.80312, "TimeVector": [], "UpperBound": 0.618573, "rootBTTime": 0, "LowerBounds": {}, "SolveResult": 402, "UpperBounds": {}, "MaxQueueSize": 412198, "NumberOfSOCC": 0, "VisitedNodes": 839535, "NonLinearTime": 0.19841, "OptimalityGap": 2.42169, "FBBTIterations": 0, "FirstLowerBound": -5, "InfeasibleNodes": 7569, "IntNonLinearTime": 0, "LinearSolvingTime": 268.396, "LinearizationTime": 0.000265238, "NumberOfVariables": 22, "CallsToLinearSolver": 839535, "DegreeReductionTime": 0, "FBBTPreparationTime": 0, "FirstNodeIterations": 44, "NumberOfConstraints": 10, "FirstNodeSolvingTime": 0.00702738, "LinearGenerationTime": 154.874, "MosekLicenseNotFound": 0, "GurobiLicenseNotFound": 0, "KnitroLicenseNotFound": 0, "SDPCutsGenerationTime": 0, "finishedBeforeReading": 0, "CallsToNonLinearSolver": 22, "NumberOfRLTSolvedNodes": 839535, "NumberOfSDPConstraints": 0, "NumberOfSDPSolvedNodes": 0, "NumberOfSOCPSolvedNodes": 0, "PercentageOfBindingSOCC": 0, "LinearPostProcessingTime": 20.431, "CallsToNonLinearSolverInt": 0, "LinearSolvingTimeBySolver": 237.757, "NodesDiscardedByFathoming": 0, "NodesDiscardedByTolerance": 1, "finishedBeforeLinearizing": 0, "BoundFactorConstraintsTime": 51.9777, "meanBTRelativeChangeRootNode": 0, "NumberOfChangesFromConicToRLT": 0, "NumberOfBoundFactorConstraints": 100, "PercentageOfOBBTSolvedProblems": 0, "NumberOfLAPACKConvergenceFailures": 0, "PercentageOfBindingSDPConstraints": 0, "NumberOfRLTVariablesAfterLinearization": 30}