{"Itbt": 0, "Pace": 362.601, "Depth": 28, "Degree": 4, "RPSTime": 77.9779, "FBBTTime": 0, "OBBTTime": 0, "TotalTime": 600.002, "Iterations": 76979, "LinearTime": 521.812, "LowerBound": -1.67962, "TimeVector": [], "UpperBound": 0.485152, "rootBTTime": 0, "LowerBounds": {}, "SolveResult": 402, "UpperBounds": {}, "MaxQueueSize": 58015, "NumberOfSOCC": 0, "VisitedNodes": 153959, "NonLinearTime": 0.196376, "OptimalityGap": 2.16477, "FBBTIterations": 0, "FirstLowerBound": -3.33333, "InfeasibleNodes": 18919, "IntNonLinearTime": 0, "LinearSolvingTime": 409.491, "LinearizationTime": 0.00159192, "NumberOfVariables": 24, "CallsToLinearSolver": 153959, "DegreeReductionTime": 0, "FBBTPreparationTime": 0, "FirstNodeIterations": 198, "NumberOfConstraints": 10, "FirstNodeSolvingTime": 0.00603909, "LinearGenerationTime": 92.8588, "MosekLicenseNotFound": 0, "GurobiLicenseNotFound": 0, "KnitroLicenseNotFound": 0, "SDPCutsGenerationTime": 0, "finishedBeforeReading": 0, "CallsToNonLinearSolver": 20, "NumberOfRLTSolvedNodes": 153959, "NumberOfSDPConstraints": 0, "NumberOfSDPSolvedNodes": 0, "NumberOfSOCPSolvedNodes": 0, "PercentageOfBindingSOCC": 0, "LinearPostProcessingTime": 6.54994, "CallsToNonLinearSolverInt": 0, "LinearSolvingTimeBySolver": 398.016, "NodesDiscardedByFathoming": 0, "NodesDiscardedByTolerance": 46, "finishedBeforeLinearizing": 0, "BoundFactorConstraintsTime": 56.491, "meanBTRelativeChangeRootNode": 0, "NumberOfChangesFromConicToRLT": 0, "NumberOfBoundFactorConstraints": 210, "PercentageOfOBBTSolvedProblems": 0, "NumberOfLAPACKConvergenceFailures": 0, "PercentageOfBindingSDPConstraints": 0, "NumberOfRLTVariablesAfterLinearization": 90}