{"Itbt": 0, "Pace": 600000, "Depth": 20, "Degree": 2, "RPSTime": 148.412, "FBBTTime": 0, "OBBTTime": 0, "TotalTime": 600.016, "Iterations": 158069, "LinearTime": 450.285, "LowerBound": -10, "TimeVector": [], "UpperBound": -0.763002, "rootBTTime": 0, "LowerBounds": {}, "SolveResult": 402, "UpperBounds": {}, "MaxQueueSize": 144447, "NumberOfSOCC": 0, "VisitedNodes": 316139, "NonLinearTime": 1.28058, "OptimalityGap": 9.237, "FBBTIterations": 0, "FirstLowerBound": -10, "InfeasibleNodes": 10983, "IntNonLinearTime": 0, "LinearSolvingTime": 224.056, "LinearizationTime": 0.00270329, "NumberOfVariables": 78, "CallsToLinearSolver": 316139, "DegreeReductionTime": 0, "FBBTPreparationTime": 0, "FirstNodeIterations": 27, "NumberOfConstraints": 45, "FirstNodeSolvingTime": 0.00478807, "LinearGenerationTime": 181.389, "MosekLicenseNotFound": 0, "GurobiLicenseNotFound": 0, "KnitroLicenseNotFound": 0, "SDPCutsGenerationTime": 0, "finishedBeforeReading": 0, "CallsToNonLinearSolver": 21, "NumberOfRLTSolvedNodes": 316139, "NumberOfSDPConstraints": 0, "NumberOfSDPSolvedNodes": 0, "NumberOfSOCPSolvedNodes": 0, "PercentageOfBindingSOCC": 0, "LinearPostProcessingTime": 22.7025, "CallsToNonLinearSolverInt": 0, "LinearSolvingTimeBySolver": 206.49, "NodesDiscardedByFathoming": 0, "NodesDiscardedByTolerance": 2640, "finishedBeforeLinearizing": 0, "BoundFactorConstraintsTime": 84.2237, "meanBTRelativeChangeRootNode": 0, "NumberOfChangesFromConicToRLT": 0, "NumberOfBoundFactorConstraints": 368, "PercentageOfOBBTSolvedProblems": 0, "NumberOfLAPACKConvergenceFailures": 0, "PercentageOfBindingSDPConstraints": 0, "NumberOfRLTVariablesAfterLinearization": 92}