{"Itbt": 0, "Pace": 600000, "Depth": 17, "Degree": 2, "RPSTime": 163.705, "FBBTTime": 0, "OBBTTime": 0, "TotalTime": 600.017, "Iterations": 88782, "LinearTime": 428.938, "LowerBound": -10, "TimeVector": [], "UpperBound": -3.57998, "rootBTTime": 0, "LowerBounds": {}, "SolveResult": 402, "UpperBounds": {}, "MaxQueueSize": 86050, "NumberOfSOCC": 0, "VisitedNodes": 177565, "NonLinearTime": 7.35307, "OptimalityGap": 6.42002, "FBBTIterations": 0, "FirstLowerBound": -10, "InfeasibleNodes": 1699, "IntNonLinearTime": 0, "LinearSolvingTime": 188.153, "LinearizationTime": 0.0110252, "NumberOfVariables": 110, "CallsToLinearSolver": 177565, "DegreeReductionTime": 0, "FBBTPreparationTime": 0, "FirstNodeIterations": 29, "NumberOfConstraints": 76, "FirstNodeSolvingTime": 0.00560268, "LinearGenerationTime": 191.753, "MosekLicenseNotFound": 0, "GurobiLicenseNotFound": 0, "KnitroLicenseNotFound": 0, "SDPCutsGenerationTime": 0, "finishedBeforeReading": 0, "CallsToNonLinearSolver": 20, "NumberOfRLTSolvedNodes": 177565, "NumberOfSDPConstraints": 0, "NumberOfSDPSolvedNodes": 0, "NumberOfSOCPSolvedNodes": 0, "PercentageOfBindingSOCC": 0, "LinearPostProcessingTime": 24.2196, "CallsToNonLinearSolverInt": 0, "LinearSolvingTimeBySolver": 174.799, "NodesDiscardedByFathoming": 0, "NodesDiscardedByTolerance": 1034, "finishedBeforeLinearizing": 0, "BoundFactorConstraintsTime": 96.5201, "meanBTRelativeChangeRootNode": 0, "NumberOfChangesFromConicToRLT": 0, "NumberOfBoundFactorConstraints": 731, "PercentageOfOBBTSolvedProblems": 0, "NumberOfLAPACKConvergenceFailures": 0, "PercentageOfBindingSDPConstraints": 0, "NumberOfRLTVariablesAfterLinearization": 184}