{"Itbt": 0, "Pace": 600000, "Depth": 17, "Degree": 2, "RPSTime": 164.324, "FBBTTime": 0, "OBBTTime": 0, "TotalTime": 600.02, "Iterations": 89939, "LinearTime": 430.615, "LowerBound": -10, "TimeVector": [], "UpperBound": -0.41233, "rootBTTime": 0, "LowerBounds": {}, "SolveResult": 402, "UpperBounds": {}, "MaxQueueSize": 87624, "NumberOfSOCC": 0, "VisitedNodes": 179879, "NonLinearTime": 5.06116, "OptimalityGap": 9.58767, "FBBTIterations": 0, "FirstLowerBound": -10, "InfeasibleNodes": 620, "IntNonLinearTime": 0, "LinearSolvingTime": 188.071, "LinearizationTime": 0.0108875, "NumberOfVariables": 110, "CallsToLinearSolver": 179879, "DegreeReductionTime": 0, "FBBTPreparationTime": 0, "FirstNodeIterations": 29, "NumberOfConstraints": 76, "FirstNodeSolvingTime": 0.00671046, "LinearGenerationTime": 193.125, "MosekLicenseNotFound": 0, "GurobiLicenseNotFound": 0, "KnitroLicenseNotFound": 0, "SDPCutsGenerationTime": 0, "finishedBeforeReading": 0, "CallsToNonLinearSolver": 20, "NumberOfRLTSolvedNodes": 179879, "NumberOfSDPConstraints": 0, "NumberOfSDPSolvedNodes": 0, "NumberOfSOCPSolvedNodes": 0, "PercentageOfBindingSOCC": 0, "LinearPostProcessingTime": 24.6083, "CallsToNonLinearSolverInt": 0, "LinearSolvingTimeBySolver": 174.887, "NodesDiscardedByFathoming": 0, "NodesDiscardedByTolerance": 1696, "finishedBeforeLinearizing": 0, "BoundFactorConstraintsTime": 97.3848, "meanBTRelativeChangeRootNode": 0, "NumberOfChangesFromConicToRLT": 0, "NumberOfBoundFactorConstraints": 731, "PercentageOfOBBTSolvedProblems": 0, "NumberOfLAPACKConvergenceFailures": 0, "PercentageOfBindingSDPConstraints": 0, "NumberOfRLTVariablesAfterLinearization": 184}