{"Itbt": 0, "Pace": 11.033, "Depth": 29, "Degree": 2, "RPSTime": 201.279, "FBBTTime": 0, "OBBTTime": 0, "TotalTime": 600.057, "Iterations": 4905, "LinearTime": 398.385, "LowerBound": -98.9787, "TimeVector": [], "UpperBound": -6.38601, "rootBTTime": 0, "LowerBounds": {}, "SolveResult": 402, "UpperBounds": {}, "MaxQueueSize": 4890, "NumberOfSOCC": 0, "VisitedNodes": 9811, "NonLinearTime": 0.379157, "OptimalityGap": 92.5927, "FBBTIterations": 0, "FirstLowerBound": -153.36, "InfeasibleNodes": 8, "IntNonLinearTime": 0, "LinearSolvingTime": 297.856, "LinearizationTime": 0.513392, "NumberOfVariables": 50, "CallsToLinearSolver": 9811, "DegreeReductionTime": 0, "FBBTPreparationTime": 0, "FirstNodeIterations": 1125, "NumberOfConstraints": 1, "FirstNodeSolvingTime": 0.0479289, "LinearGenerationTime": 67.6298, "MosekLicenseNotFound": 0, "GurobiLicenseNotFound": 0, "KnitroLicenseNotFound": 0, "SDPCutsGenerationTime": 0, "finishedBeforeReading": 0, "CallsToNonLinearSolver": 16, "NumberOfRLTSolvedNodes": 9811, "NumberOfSDPConstraints": 0, "NumberOfSDPSolvedNodes": 0, "NumberOfSOCPSolvedNodes": 0, "PercentageOfBindingSOCC": 0, "LinearPostProcessingTime": 11.0369, "CallsToNonLinearSolverInt": 0, "LinearSolvingTimeBySolver": 295.509, "NodesDiscardedByFathoming": 0, "NodesDiscardedByTolerance": 8, "finishedBeforeLinearizing": 0, "BoundFactorConstraintsTime": 180.426, "meanBTRelativeChangeRootNode": 0, "NumberOfChangesFromConicToRLT": 0, "NumberOfBoundFactorConstraints": 5050, "PercentageOfOBBTSolvedProblems": 0, "NumberOfLAPACKConvergenceFailures": 0, "PercentageOfBindingSDPConstraints": 0, "NumberOfRLTVariablesAfterLinearization": 1275}