{"Itbt": 0, "Pace": 40.7272, "Depth": 29, "Degree": 2, "RPSTime": 155.844, "FBBTTime": 0, "OBBTTime": 0, "TotalTime": 600.046, "Iterations": 3087, "LinearTime": 438.683, "LowerBound": -64.9779, "TimeVector": [], "UpperBound": -32.1476, "rootBTTime": 0, "LowerBounds": {}, "SolveResult": 402, "UpperBounds": {}, "MaxQueueSize": 3088, "NumberOfSOCC": 0, "VisitedNodes": 6175, "NonLinearTime": 5.26834, "OptimalityGap": 32.8303, "FBBTIterations": 0, "FirstLowerBound": -79.709, "InfeasibleNodes": 0, "IntNonLinearTime": 0, "LinearSolvingTime": 338.346, "LinearizationTime": 0.526778, "NumberOfVariables": 50, "CallsToLinearSolver": 6175, "DegreeReductionTime": 0, "FBBTPreparationTime": 0, "FirstNodeIterations": 812, "NumberOfConstraints": 50, "FirstNodeSolvingTime": 0.0705054, "LinearGenerationTime": 83.1492, "MosekLicenseNotFound": 0, "GurobiLicenseNotFound": 0, "KnitroLicenseNotFound": 0, "SDPCutsGenerationTime": 0, "finishedBeforeReading": 0, "CallsToNonLinearSolver": 15, "NumberOfRLTSolvedNodes": 6175, "NumberOfSDPConstraints": 0, "NumberOfSDPSolvedNodes": 0, "NumberOfSOCPSolvedNodes": 0, "PercentageOfBindingSOCC": 0, "LinearPostProcessingTime": 6.33055, "CallsToNonLinearSolverInt": 0, "LinearSolvingTimeBySolver": 336.882, "NodesDiscardedByFathoming": 0, "NodesDiscardedByTolerance": 0, "finishedBeforeLinearizing": 0, "BoundFactorConstraintsTime": 116.727, "meanBTRelativeChangeRootNode": 0, "NumberOfChangesFromConicToRLT": 0, "NumberOfBoundFactorConstraints": 5050, "PercentageOfOBBTSolvedProblems": 0, "NumberOfLAPACKConvergenceFailures": 0, "PercentageOfBindingSDPConstraints": 0, "NumberOfRLTVariablesAfterLinearization": 1275}