{"Itbt": 0, "Pace": 39.8708, "Depth": 26, "Degree": 2, "RPSTime": 191.714, "FBBTTime": 0, "OBBTTime": 0, "TotalTime": 600.027, "Iterations": 4753, "LinearTime": 407.156, "LowerBound": -63.712, "TimeVector": [], "UpperBound": -37.8535, "rootBTTime": 0, "LowerBounds": {}, "SolveResult": 402, "UpperBounds": {}, "MaxQueueSize": 4754, "NumberOfSOCC": 0, "VisitedNodes": 9507, "NonLinearTime": 1.10754, "OptimalityGap": 25.8585, "FBBTIterations": 0, "FirstLowerBound": -78.7596, "InfeasibleNodes": 0, "IntNonLinearTime": 0, "LinearSolvingTime": 295.467, "LinearizationTime": 0.52327, "NumberOfVariables": 50, "CallsToLinearSolver": 9507, "DegreeReductionTime": 0, "FBBTPreparationTime": 0, "FirstNodeIterations": 947, "NumberOfConstraints": 10, "FirstNodeSolvingTime": 0.0431877, "LinearGenerationTime": 81.3657, "MosekLicenseNotFound": 0, "GurobiLicenseNotFound": 0, "KnitroLicenseNotFound": 0, "SDPCutsGenerationTime": 0, "finishedBeforeReading": 0, "CallsToNonLinearSolver": 16, "NumberOfRLTSolvedNodes": 9507, "NumberOfSDPConstraints": 0, "NumberOfSDPSolvedNodes": 0, "NumberOfSOCPSolvedNodes": 0, "PercentageOfBindingSOCC": 0, "LinearPostProcessingTime": 9.41962, "CallsToNonLinearSolverInt": 0, "LinearSolvingTimeBySolver": 293.146, "NodesDiscardedByFathoming": 0, "NodesDiscardedByTolerance": 0, "finishedBeforeLinearizing": 0, "BoundFactorConstraintsTime": 164.835, "meanBTRelativeChangeRootNode": 0, "NumberOfChangesFromConicToRLT": 0, "NumberOfBoundFactorConstraints": 5050, "PercentageOfOBBTSolvedProblems": 0, "NumberOfLAPACKConvergenceFailures": 0, "PercentageOfBindingSDPConstraints": 0, "NumberOfRLTVariablesAfterLinearization": 1275}