{"Itbt": 0, "Pace": 26.263, "Depth": 27, "Degree": 2, "RPSTime": 153.967, "FBBTTime": 0, "OBBTTime": 0, "TotalTime": 600.027, "Iterations": 6412, "LinearTime": 443.54, "LowerBound": -71.8151, "TimeVector": [], "UpperBound": -33.037, "rootBTTime": 0, "LowerBounds": {}, "SolveResult": 402, "UpperBounds": {}, "MaxQueueSize": 6413, "NumberOfSOCC": 0, "VisitedNodes": 12825, "NonLinearTime": 2.42175, "OptimalityGap": 38.7781, "FBBTIterations": 0, "FirstLowerBound": -94.66, "InfeasibleNodes": 0, "IntNonLinearTime": 0, "LinearSolvingTime": 334.303, "LinearizationTime": 0.210489, "NumberOfVariables": 40, "CallsToLinearSolver": 12825, "DegreeReductionTime": 0, "FBBTPreparationTime": 0, "FirstNodeIterations": 581, "NumberOfConstraints": 20, "FirstNodeSolvingTime": 0.0333292, "LinearGenerationTime": 88.4722, "MosekLicenseNotFound": 0, "GurobiLicenseNotFound": 0, "KnitroLicenseNotFound": 0, "SDPCutsGenerationTime": 0, "finishedBeforeReading": 0, "CallsToNonLinearSolver": 16, "NumberOfRLTSolvedNodes": 12825, "NumberOfSDPConstraints": 0, "NumberOfSDPSolvedNodes": 0, "NumberOfSOCPSolvedNodes": 0, "PercentageOfBindingSOCC": 0, "LinearPostProcessingTime": 8.61549, "CallsToNonLinearSolverInt": 0, "LinearSolvingTimeBySolver": 331.63, "NodesDiscardedByFathoming": 0, "NodesDiscardedByTolerance": 0, "finishedBeforeLinearizing": 0, "BoundFactorConstraintsTime": 113.354, "meanBTRelativeChangeRootNode": 0, "NumberOfChangesFromConicToRLT": 0, "NumberOfBoundFactorConstraints": 3240, "PercentageOfOBBTSolvedProblems": 0, "NumberOfLAPACKConvergenceFailures": 0, "PercentageOfBindingSDPConstraints": 0, "NumberOfRLTVariablesAfterLinearization": 820}