{"Itbt": 0, "Pace": 17.8467, "Depth": 54, "Degree": 2, "RPSTime": 64.262, "FBBTTime": 0, "OBBTTime": 0, "TotalTime": 599.999, "Iterations": 2749, "LinearTime": 532.645, "LowerBound": -106.739, "TimeVector": [], "UpperBound": -57.2467, "rootBTTime": 0, "LowerBounds": {}, "SolveResult": 402, "UpperBounds": {}, "MaxQueueSize": 2749, "NumberOfSOCC": 0, "VisitedNodes": 5499, "NonLinearTime": 2.99894, "OptimalityGap": 49.4923, "FBBTIterations": 0, "FirstLowerBound": -140.358, "InfeasibleNodes": 1, "IntNonLinearTime": 0, "LinearSolvingTime": 484.973, "LinearizationTime": 0.210667, "NumberOfVariables": 40, "CallsToLinearSolver": 5499, "DegreeReductionTime": 0, "FBBTPreparationTime": 0, "FirstNodeIterations": 891, "NumberOfConstraints": 24, "FirstNodeSolvingTime": 0.0793945, "LinearGenerationTime": 38.5947, "MosekLicenseNotFound": 0, "GurobiLicenseNotFound": 0, "KnitroLicenseNotFound": 0, "SDPCutsGenerationTime": 0, "finishedBeforeReading": 0, "CallsToNonLinearSolver": 15, "NumberOfRLTSolvedNodes": 5499, "NumberOfSDPConstraints": 0, "NumberOfSDPSolvedNodes": 0, "NumberOfSOCPSolvedNodes": 0, "PercentageOfBindingSOCC": 0, "LinearPostProcessingTime": 3.76749, "CallsToNonLinearSolverInt": 0, "LinearSolvingTimeBySolver": 483.789, "NodesDiscardedByFathoming": 0, "NodesDiscardedByTolerance": 0, "finishedBeforeLinearizing": 0, "BoundFactorConstraintsTime": 47.295, "meanBTRelativeChangeRootNode": 0, "NumberOfChangesFromConicToRLT": 0, "NumberOfBoundFactorConstraints": 3240, "PercentageOfOBBTSolvedProblems": 0, "NumberOfLAPACKConvergenceFailures": 0, "PercentageOfBindingSDPConstraints": 0, "NumberOfRLTVariablesAfterLinearization": 820}