{"Itbt": 0, "Pace": 209.718, "Depth": 80, "Degree": 2, "RPSTime": 86.0378, "FBBTTime": 0, "OBBTTime": 0, "TotalTime": 600.069, "Iterations": 4103, "LinearTime": 513.759, "LowerBound": -11.9447, "TimeVector": [], "UpperBound": -10.9482, "rootBTTime": 0, "LowerBounds": {}, "SolveResult": 402, "UpperBounds": {}, "MaxQueueSize": 4044, "NumberOfSOCC": 0, "VisitedNodes": 8207, "NonLinearTime": 0.259457, "OptimalityGap": 0.996457, "FBBTIterations": 0, "FirstLowerBound": -14.8046, "InfeasibleNodes": 3, "IntNonLinearTime": 0, "LinearSolvingTime": 459.414, "LinearizationTime": 0.206448, "NumberOfVariables": 40, "CallsToLinearSolver": 8207, "DegreeReductionTime": 0, "FBBTPreparationTime": 0, "FirstNodeIterations": 1133, "NumberOfConstraints": 9, "FirstNodeSolvingTime": 0.0633456, "LinearGenerationTime": 38.429, "MosekLicenseNotFound": 0, "GurobiLicenseNotFound": 0, "KnitroLicenseNotFound": 0, "SDPCutsGenerationTime": 0, "finishedBeforeReading": 0, "CallsToNonLinearSolver": 16, "NumberOfRLTSolvedNodes": 8207, "NumberOfSDPConstraints": 0, "NumberOfSDPSolvedNodes": 0, "NumberOfSOCPSolvedNodes": 0, "PercentageOfBindingSOCC": 0, "LinearPostProcessingTime": 5.55849, "CallsToNonLinearSolverInt": 0, "LinearSolvingTimeBySolver": 457.681, "NodesDiscardedByFathoming": 0, "NodesDiscardedByTolerance": 57, "finishedBeforeLinearizing": 0, "BoundFactorConstraintsTime": 74.2741, "meanBTRelativeChangeRootNode": 0, "NumberOfChangesFromConicToRLT": 0, "NumberOfBoundFactorConstraints": 3216, "PercentageOfOBBTSolvedProblems": 0, "NumberOfLAPACKConvergenceFailures": 0, "PercentageOfBindingSDPConstraints": 0, "NumberOfRLTVariablesAfterLinearization": 814}