{"Itbt": 0, "Pace": 161.824, "Depth": 28, "Degree": 2, "RPSTime": 89.0561, "FBBTTime": 0, "OBBTTime": 0, "TotalTime": 600.099, "Iterations": 2150, "LinearTime": 510.719, "LowerBound": -12.8087, "TimeVector": [], "UpperBound": -7.71416, "rootBTTime": 0, "LowerBounds": {}, "SolveResult": 402, "UpperBounds": {}, "MaxQueueSize": 2058, "NumberOfSOCC": 0, "VisitedNodes": 4301, "NonLinearTime": 0.305113, "OptimalityGap": 5.09458, "FBBTIterations": 0, "FirstLowerBound": -16.5155, "InfeasibleNodes": 0, "IntNonLinearTime": 0, "LinearSolvingTime": 458.398, "LinearizationTime": 0.507226, "NumberOfVariables": 50, "CallsToLinearSolver": 4301, "DegreeReductionTime": 0, "FBBTPreparationTime": 0, "FirstNodeIterations": 1512, "NumberOfConstraints": 6, "FirstNodeSolvingTime": 0.111293, "LinearGenerationTime": 38.5661, "MosekLicenseNotFound": 0, "GurobiLicenseNotFound": 0, "KnitroLicenseNotFound": 0, "SDPCutsGenerationTime": 0, "finishedBeforeReading": 0, "CallsToNonLinearSolver": 15, "NumberOfRLTSolvedNodes": 4301, "NumberOfSDPConstraints": 0, "NumberOfSDPSolvedNodes": 0, "NumberOfSOCPSolvedNodes": 0, "PercentageOfBindingSOCC": 0, "LinearPostProcessingTime": 4.73977, "CallsToNonLinearSolverInt": 0, "LinearSolvingTimeBySolver": 457.335, "NodesDiscardedByFathoming": 0, "NodesDiscardedByTolerance": 93, "finishedBeforeLinearizing": 0, "BoundFactorConstraintsTime": 78.6833, "meanBTRelativeChangeRootNode": 0, "NumberOfChangesFromConicToRLT": 0, "NumberOfBoundFactorConstraints": 5042, "PercentageOfOBBTSolvedProblems": 0, "NumberOfLAPACKConvergenceFailures": 0, "PercentageOfBindingSDPConstraints": 0, "NumberOfRLTVariablesAfterLinearization": 1273}