{"Itbt": 0, "Pace": 112.769, "Depth": 72, "Degree": 2, "RPSTime": 67.2363, "FBBTTime": 0, "OBBTTime": 0, "TotalTime": 600.139, "Iterations": 2772, "LinearTime": 531.541, "LowerBound": -20.3581, "TimeVector": [], "UpperBound": -14.9675, "rootBTTime": 0, "LowerBounds": {}, "SolveResult": 402, "UpperBounds": {}, "MaxQueueSize": 2761, "NumberOfSOCC": 0, "VisitedNodes": 5545, "NonLinearTime": 1.26767, "OptimalityGap": 5.39058, "FBBTIterations": 0, "FirstLowerBound": -25.6776, "InfeasibleNodes": 0, "IntNonLinearTime": 0, "LinearSolvingTime": 483.544, "LinearizationTime": 0.216403, "NumberOfVariables": 40, "CallsToLinearSolver": 5545, "DegreeReductionTime": 0, "FBBTPreparationTime": 0, "FirstNodeIterations": 989, "NumberOfConstraints": 24, "FirstNodeSolvingTime": 0.0926408, "LinearGenerationTime": 38.8695, "MosekLicenseNotFound": 0, "GurobiLicenseNotFound": 0, "KnitroLicenseNotFound": 0, "SDPCutsGenerationTime": 0, "finishedBeforeReading": 0, "CallsToNonLinearSolver": 15, "NumberOfRLTSolvedNodes": 5545, "NumberOfSDPConstraints": 0, "NumberOfSDPSolvedNodes": 0, "NumberOfSOCPSolvedNodes": 0, "PercentageOfBindingSOCC": 0, "LinearPostProcessingTime": 3.74394, "CallsToNonLinearSolverInt": 0, "LinearSolvingTimeBySolver": 482.383, "NodesDiscardedByFathoming": 0, "NodesDiscardedByTolerance": 12, "finishedBeforeLinearizing": 0, "BoundFactorConstraintsTime": 50.0267, "meanBTRelativeChangeRootNode": 0, "NumberOfChangesFromConicToRLT": 0, "NumberOfBoundFactorConstraints": 3240, "PercentageOfOBBTSolvedProblems": 0, "NumberOfLAPACKConvergenceFailures": 0, "PercentageOfBindingSDPConstraints": 0, "NumberOfRLTVariablesAfterLinearization": 820}