{"Itbt": 0, "Pace": 151.873, "Depth": 22, "Degree": 2, "RPSTime": 67.2958, "FBBTTime": 0, "OBBTTime": 0, "TotalTime": 600.146, "Iterations": 1609, "LinearTime": 532.509, "LowerBound": -11.5381, "TimeVector": [], "UpperBound": -7.78917, "rootBTTime": 0, "LowerBounds": {}, "SolveResult": 402, "UpperBounds": {}, "MaxQueueSize": 1507, "NumberOfSOCC": 0, "VisitedNodes": 3219, "NonLinearTime": 0.322723, "OptimalityGap": 3.74896, "FBBTIterations": 0, "FirstLowerBound": -15.4878, "InfeasibleNodes": 3, "IntNonLinearTime": 0, "LinearSolvingTime": 499.033, "LinearizationTime": 0.506074, "NumberOfVariables": 50, "CallsToLinearSolver": 3219, "DegreeReductionTime": 0, "FBBTPreparationTime": 0, "FirstNodeIterations": 1789, "NumberOfConstraints": 11, "FirstNodeSolvingTime": 0.157853, "LinearGenerationTime": 22.7548, "MosekLicenseNotFound": 0, "GurobiLicenseNotFound": 0, "KnitroLicenseNotFound": 0, "SDPCutsGenerationTime": 0, "finishedBeforeReading": 0, "CallsToNonLinearSolver": 14, "NumberOfRLTSolvedNodes": 3219, "NumberOfSDPConstraints": 0, "NumberOfSDPSolvedNodes": 0, "NumberOfSOCPSolvedNodes": 0, "PercentageOfBindingSOCC": 0, "LinearPostProcessingTime": 3.61666, "CallsToNonLinearSolverInt": 0, "LinearSolvingTimeBySolver": 498.243, "NodesDiscardedByFathoming": 0, "NodesDiscardedByTolerance": 101, "finishedBeforeLinearizing": 0, "BoundFactorConstraintsTime": 59.2085, "meanBTRelativeChangeRootNode": 0, "NumberOfChangesFromConicToRLT": 0, "NumberOfBoundFactorConstraints": 5026, "PercentageOfOBBTSolvedProblems": 0, "NumberOfLAPACKConvergenceFailures": 0, "PercentageOfBindingSDPConstraints": 0, "NumberOfRLTVariablesAfterLinearization": 1269}