{"Itbt": 0, "Pace": 24.5058, "Depth": 22, "Degree": 2, "RPSTime": 50.7029, "FBBTTime": 0, "OBBTTime": 0, "TotalTime": 600.059, "Iterations": 536, "LinearTime": 539.112, "LowerBound": -167.04, "TimeVector": [], "UpperBound": -87.2849, "rootBTTime": 0, "LowerBounds": {}, "SolveResult": 402, "UpperBounds": {}, "MaxQueueSize": 536, "NumberOfSOCC": 0, "VisitedNodes": 1073, "NonLinearTime": 9.87501, "OptimalityGap": 79.7554, "FBBTIterations": 0, "FirstLowerBound": -191.523, "InfeasibleNodes": 2, "IntNonLinearTime": 0, "LinearSolvingTime": 511.069, "LinearizationTime": 1.13547, "NumberOfVariables": 60, "CallsToLinearSolver": 1073, "DegreeReductionTime": 0, "FBBTPreparationTime": 0, "FirstNodeIterations": 3842, "NumberOfConstraints": 66, "FirstNodeSolvingTime": 0.557235, "LinearGenerationTime": 23.0616, "MosekLicenseNotFound": 0, "GurobiLicenseNotFound": 0, "KnitroLicenseNotFound": 0, "SDPCutsGenerationTime": 0, "finishedBeforeReading": 0, "CallsToNonLinearSolver": 13, "NumberOfRLTSolvedNodes": 1073, "NumberOfSDPConstraints": 0, "NumberOfSDPSolvedNodes": 0, "NumberOfSOCPSolvedNodes": 0, "PercentageOfBindingSOCC": 0, "LinearPostProcessingTime": 1.7129, "CallsToNonLinearSolverInt": 0, "LinearSolvingTimeBySolver": 510.704, "NodesDiscardedByFathoming": 0, "NodesDiscardedByTolerance": 0, "finishedBeforeLinearizing": 0, "BoundFactorConstraintsTime": 38.117, "meanBTRelativeChangeRootNode": 0, "NumberOfChangesFromConicToRLT": 0, "NumberOfBoundFactorConstraints": 7260, "PercentageOfOBBTSolvedProblems": 0, "NumberOfLAPACKConvergenceFailures": 0, "PercentageOfBindingSDPConstraints": 0, "NumberOfRLTVariablesAfterLinearization": 1830}