{"Itbt": 0, "Pace": 25.0738, "Depth": 42, "Degree": 2, "RPSTime": 82.154, "FBBTTime": 0, "OBBTTime": 0, "TotalTime": 600.037, "Iterations": 3833, "LinearTime": 517.442, "LowerBound": -61.7208, "TimeVector": [], "UpperBound": -43.1604, "rootBTTime": 0, "LowerBounds": {}, "SolveResult": 402, "UpperBounds": {}, "MaxQueueSize": 3219, "NumberOfSOCC": 0, "VisitedNodes": 7667, "NonLinearTime": 0.426787, "OptimalityGap": 18.5604, "FBBTIterations": 0, "FirstLowerBound": -85.6492, "InfeasibleNodes": 52, "IntNonLinearTime": 0, "LinearSolvingTime": 466.614, "LinearizationTime": 0.209441, "NumberOfVariables": 40, "CallsToLinearSolver": 7667, "DegreeReductionTime": 0, "FBBTPreparationTime": 0, "FirstNodeIterations": 1176, "NumberOfConstraints": 5, "FirstNodeSolvingTime": 0.0636012, "LinearGenerationTime": 36.2287, "MosekLicenseNotFound": 0, "GurobiLicenseNotFound": 0, "KnitroLicenseNotFound": 0, "SDPCutsGenerationTime": 0, "finishedBeforeReading": 0, "CallsToNonLinearSolver": 15, "NumberOfRLTSolvedNodes": 7667, "NumberOfSDPConstraints": 0, "NumberOfSDPSolvedNodes": 0, "NumberOfSOCPSolvedNodes": 0, "PercentageOfBindingSOCC": 0, "LinearPostProcessingTime": 5.15691, "CallsToNonLinearSolverInt": 0, "LinearSolvingTimeBySolver": 464.994, "NodesDiscardedByFathoming": 0, "NodesDiscardedByTolerance": 563, "finishedBeforeLinearizing": 0, "BoundFactorConstraintsTime": 71.0711, "meanBTRelativeChangeRootNode": 0, "NumberOfChangesFromConicToRLT": 0, "NumberOfBoundFactorConstraints": 3240, "PercentageOfOBBTSolvedProblems": 0, "NumberOfLAPACKConvergenceFailures": 0, "PercentageOfBindingSDPConstraints": 0, "NumberOfRLTVariablesAfterLinearization": 820}