{"Itbt": 0, "Pace": 119.678, "Depth": 64, "Degree": 2, "RPSTime": 81.5333, "FBBTTime": 0, "OBBTTime": 0, "TotalTime": 600.039, "Iterations": 7450, "LinearTime": 517.575, "LowerBound": -13.0932, "TimeVector": [], "UpperBound": -8.30138, "rootBTTime": 0, "LowerBounds": {}, "SolveResult": 402, "UpperBounds": {}, "MaxQueueSize": 7451, "NumberOfSOCC": 0, "VisitedNodes": 14901, "NonLinearTime": 0.859266, "OptimalityGap": 4.79185, "FBBTIterations": 0, "FirstLowerBound": -18.1057, "InfeasibleNodes": 0, "IntNonLinearTime": 0, "LinearSolvingTime": 436.261, "LinearizationTime": 0.0674014, "NumberOfVariables": 30, "CallsToLinearSolver": 14901, "DegreeReductionTime": 0, "FBBTPreparationTime": 0, "FirstNodeIterations": 560, "NumberOfConstraints": 33, "FirstNodeSolvingTime": 0.0374701, "LinearGenerationTime": 70.3271, "MosekLicenseNotFound": 0, "GurobiLicenseNotFound": 0, "KnitroLicenseNotFound": 0, "SDPCutsGenerationTime": 0, "finishedBeforeReading": 0, "CallsToNonLinearSolver": 16, "NumberOfRLTSolvedNodes": 14901, "NumberOfSDPConstraints": 0, "NumberOfSDPSolvedNodes": 0, "NumberOfSOCPSolvedNodes": 0, "PercentageOfBindingSOCC": 0, "LinearPostProcessingTime": 5.3629, "CallsToNonLinearSolverInt": 0, "LinearSolvingTimeBySolver": 433.572, "NodesDiscardedByFathoming": 0, "NodesDiscardedByTolerance": 0, "finishedBeforeLinearizing": 0, "BoundFactorConstraintsTime": 55.5567, "meanBTRelativeChangeRootNode": 0, "NumberOfChangesFromConicToRLT": 0, "NumberOfBoundFactorConstraints": 1830, "PercentageOfOBBTSolvedProblems": 0, "NumberOfLAPACKConvergenceFailures": 0, "PercentageOfBindingSDPConstraints": 0, "NumberOfRLTVariablesAfterLinearization": 465}