{"Itbt": 0, "Pace": 153.276, "Depth": 15, "Degree": 2, "RPSTime": 52.6464, "FBBTTime": 0, "OBBTTime": 0, "TotalTime": 600.114, "Iterations": 457, "LinearTime": 530.58, "LowerBound": -22.7549, "TimeVector": [], "UpperBound": -11.5861, "rootBTTime": 0, "LowerBounds": {}, "SolveResult": 402, "UpperBounds": {}, "MaxQueueSize": 457, "NumberOfSOCC": 0, "VisitedNodes": 915, "NonLinearTime": 16.1768, "OptimalityGap": 11.1687, "FBBTIterations": 0, "FirstLowerBound": -26.6684, "InfeasibleNodes": 2, "IntNonLinearTime": 0, "LinearSolvingTime": 499.589, "LinearizationTime": 1.11426, "NumberOfVariables": 60, "CallsToLinearSolver": 915, "DegreeReductionTime": 0, "FBBTPreparationTime": 0, "FirstNodeIterations": 2014, "NumberOfConstraints": 66, "FirstNodeSolvingTime": 0.501616, "LinearGenerationTime": 26.2395, "MosekLicenseNotFound": 0, "GurobiLicenseNotFound": 0, "KnitroLicenseNotFound": 0, "SDPCutsGenerationTime": 0, "finishedBeforeReading": 0, "CallsToNonLinearSolver": 12, "NumberOfRLTSolvedNodes": 915, "NumberOfSDPConstraints": 0, "NumberOfSDPSolvedNodes": 0, "NumberOfSOCPSolvedNodes": 0, "PercentageOfBindingSOCC": 0, "LinearPostProcessingTime": 1.66049, "CallsToNonLinearSolverInt": 0, "LinearSolvingTimeBySolver": 499.221, "NodesDiscardedByFathoming": 0, "NodesDiscardedByTolerance": 0, "finishedBeforeLinearizing": 0, "BoundFactorConstraintsTime": 36.0858, "meanBTRelativeChangeRootNode": 0, "NumberOfChangesFromConicToRLT": 0, "NumberOfBoundFactorConstraints": 7260, "PercentageOfOBBTSolvedProblems": 0, "NumberOfLAPACKConvergenceFailures": 0, "PercentageOfBindingSDPConstraints": 0, "NumberOfRLTVariablesAfterLinearization": 1830}