{"Itbt": 0, "Pace": 595488, "Depth": 18, "Degree": 2, "RPSTime": 153.666, "FBBTTime": 0, "OBBTTime": 0, "TotalTime": 595.488, "Iterations": 65691, "LinearTime": 433.359, "LowerBound": -10, "TimeVector": [], "UpperBound": -3.25612, "rootBTTime": 0, "LowerBounds": {}, "SolveResult": 402, "UpperBounds": {}, "MaxQueueSize": 63263, "NumberOfSOCC": 0, "VisitedNodes": 131383, "NonLinearTime": 8.44347, "OptimalityGap": 6.74388, "FBBTIterations": 0, "FirstLowerBound": -10, "InfeasibleNodes": 2379, "IntNonLinearTime": 0, "LinearSolvingTime": 206.364, "LinearizationTime": 0.0176648, "NumberOfVariables": 125, "CallsToLinearSolver": 131383, "DegreeReductionTime": 0, "FBBTPreparationTime": 0, "FirstNodeIterations": 32, "NumberOfConstraints": 92, "FirstNodeSolvingTime": 0.00722045, "LinearGenerationTime": 180.221, "MosekLicenseNotFound": 0, "GurobiLicenseNotFound": 0, "KnitroLicenseNotFound": 0, "SDPCutsGenerationTime": 0, "finishedBeforeReading": 0, "CallsToNonLinearSolver": 20, "NumberOfRLTSolvedNodes": 131383, "NumberOfSDPConstraints": 0, "NumberOfSDPSolvedNodes": 0, "NumberOfSOCPSolvedNodes": 0, "PercentageOfBindingSOCC": 0, "LinearPostProcessingTime": 23.078, "CallsToNonLinearSolverInt": 0, "LinearSolvingTimeBySolver": 195.231, "NodesDiscardedByFathoming": 0, "NodesDiscardedByTolerance": 50, "finishedBeforeLinearizing": 0, "BoundFactorConstraintsTime": 90.586, "meanBTRelativeChangeRootNode": 0, "NumberOfChangesFromConicToRLT": 0, "NumberOfBoundFactorConstraints": 926, "PercentageOfOBBTSolvedProblems": 0, "NumberOfLAPACKConvergenceFailures": 0, "PercentageOfBindingSDPConstraints": 0, "NumberOfRLTVariablesAfterLinearization": 234}