{"Itbt": 0, "Pace": 11.7568, "Depth": 65, "Degree": 2, "RPSTime": 118.587, "FBBTTime": 0, "OBBTTime": 0, "TotalTime": 600.021, "Iterations": 49458, "LinearTime": 479.408, "LowerBound": 136.294, "TimeVector": [], "UpperBound": 323.682, "rootBTTime": 0, "LowerBounds": {}, "SolveResult": 402, "UpperBounds": {}, "MaxQueueSize": 10714, "NumberOfSOCC": 0, "VisitedNodes": 98917, "NonLinearTime": 2.00946, "OptimalityGap": 187.388, "FBBTIterations": 0, "FirstLowerBound": 85.2604, "InfeasibleNodes": 38745, "IntNonLinearTime": 0, "LinearSolvingTime": 318.159, "LinearizationTime": 0.0150171, "NumberOfVariables": 143, "CallsToLinearSolver": 98917, "DegreeReductionTime": 0, "FBBTPreparationTime": 0, "FirstNodeIterations": 205, "NumberOfConstraints": 80, "FirstNodeSolvingTime": 0.00869636, "LinearGenerationTime": 132.257, "MosekLicenseNotFound": 0, "GurobiLicenseNotFound": 0, "KnitroLicenseNotFound": 0, "SDPCutsGenerationTime": 0, "finishedBeforeReading": 0, "CallsToNonLinearSolver": 19, "NumberOfRLTSolvedNodes": 98917, "NumberOfSDPConstraints": 0, "NumberOfSDPSolvedNodes": 0, "NumberOfSOCPSolvedNodes": 0, "PercentageOfBindingSOCC": 0, "LinearPostProcessingTime": 10.8546, "CallsToNonLinearSolverInt": 0, "LinearSolvingTimeBySolver": 308.116, "NodesDiscardedByFathoming": 0, "NodesDiscardedByTolerance": 0, "finishedBeforeLinearizing": 0, "BoundFactorConstraintsTime": 66.5229, "meanBTRelativeChangeRootNode": 0, "NumberOfChangesFromConicToRLT": 0, "NumberOfBoundFactorConstraints": 864, "PercentageOfOBBTSolvedProblems": 0, "NumberOfLAPACKConvergenceFailures": 0, "PercentageOfBindingSDPConstraints": 0, "NumberOfRLTVariablesAfterLinearization": 216}