{"Itbt": 0, "Pace": 8.30418, "Depth": 31, "Degree": 2, "RPSTime": 127.052, "FBBTTime": 0, "OBBTTime": 0, "TotalTime": 600.051, "Iterations": 1925, "LinearTime": 394.584, "LowerBound": 72.2518, "TimeVector": [], "UpperBound": 1812.17, "rootBTTime": 0, "LowerBounds": {}, "SolveResult": 402, "UpperBounds": {}, "MaxQueueSize": 1388, "NumberOfSOCC": 0, "VisitedNodes": 3851, "NonLinearTime": 78.1903, "OptimalityGap": 1739.92, "FBBTIterations": 0, "FirstLowerBound": 0, "InfeasibleNodes": 538, "IntNonLinearTime": 0, "LinearSolvingTime": 312.582, "LinearizationTime": 2.36852, "NumberOfVariables": 760, "CallsToLinearSolver": 3851, "DegreeReductionTime": 0, "FBBTPreparationTime": 0, "FirstNodeIterations": 270, "NumberOfConstraints": 280, "FirstNodeSolvingTime": 0.0360058, "LinearGenerationTime": 60.0804, "MosekLicenseNotFound": 0, "GurobiLicenseNotFound": 0, "KnitroLicenseNotFound": 0, "SDPCutsGenerationTime": 0, "finishedBeforeReading": 0, "CallsToNonLinearSolver": 14, "NumberOfRLTSolvedNodes": 3851, "NumberOfSDPConstraints": 0, "NumberOfSDPSolvedNodes": 0, "NumberOfSOCPSolvedNodes": 0, "PercentageOfBindingSOCC": 0, "LinearPostProcessingTime": 6.8233, "CallsToNonLinearSolverInt": 0, "LinearSolvingTimeBySolver": 311.096, "NodesDiscardedByFathoming": 0, "NodesDiscardedByTolerance": 0, "finishedBeforeLinearizing": 0, "BoundFactorConstraintsTime": 93.7804, "meanBTRelativeChangeRootNode": 0, "NumberOfChangesFromConicToRLT": 0, "NumberOfBoundFactorConstraints": 10560, "PercentageOfOBBTSolvedProblems": 0, "NumberOfLAPACKConvergenceFailures": 0, "PercentageOfBindingSDPConstraints": 0, "NumberOfRLTVariablesAfterLinearization": 2640}