{"Itbt": 0, "Pace": 599409, "Depth": 65, "Degree": 2, "RPSTime": 46.6122, "FBBTTime": 0, "OBBTTime": 0, "TotalTime": 600.035, "Iterations": 6027, "LinearTime": 254.437, "LowerBound": 1017.2, "TimeVector": [], "UpperBound": 1564.96, "rootBTTime": 0, "LowerBounds": {}, "SolveResult": 402, "UpperBounds": {}, "MaxQueueSize": 4542, "NumberOfSOCC": 0, "VisitedNodes": 12055, "NonLinearTime": 298.844, "OptimalityGap": 547.758, "FBBTIterations": 0, "FirstLowerBound": 1017.2, "InfeasibleNodes": 475, "IntNonLinearTime": 0, "LinearSolvingTime": 195.73, "LinearizationTime": 0.101078, "NumberOfVariables": 1039, "CallsToLinearSolver": 12055, "DegreeReductionTime": 0, "FBBTPreparationTime": 0, "FirstNodeIterations": 308, "NumberOfConstraints": 782, "FirstNodeSolvingTime": 0.0324718, "LinearGenerationTime": 45.6952, "MosekLicenseNotFound": 0, "GurobiLicenseNotFound": 0, "KnitroLicenseNotFound": 0, "SDPCutsGenerationTime": 0, "finishedBeforeReading": 0, "CallsToNonLinearSolver": 16, "NumberOfRLTSolvedNodes": 12055, "NumberOfSDPConstraints": 0, "NumberOfSDPSolvedNodes": 0, "NumberOfSOCPSolvedNodes": 0, "PercentageOfBindingSOCC": 0, "LinearPostProcessingTime": 7.61841, "CallsToNonLinearSolverInt": 0, "LinearSolvingTimeBySolver": 193.323, "NodesDiscardedByFathoming": 0, "NodesDiscardedByTolerance": 1011, "finishedBeforeLinearizing": 0, "BoundFactorConstraintsTime": 27.2167, "meanBTRelativeChangeRootNode": 0, "NumberOfChangesFromConicToRLT": 0, "NumberOfBoundFactorConstraints": 1920, "PercentageOfOBBTSolvedProblems": 0, "NumberOfLAPACKConvergenceFailures": 0, "PercentageOfBindingSDPConstraints": 0, "NumberOfRLTVariablesAfterLinearization": 480}