{"Itbt": 0, "Pace": 600000, "Depth": 13, "Degree": 2, "RPSTime": 86.785, "FBBTTime": 0, "OBBTTime": 0, "TotalTime": 600.029, "Iterations": 5338, "LinearTime": 373.662, "LowerBound": 0, "TimeVector": [], "UpperBound": 3.92039, "rootBTTime": 0, "LowerBounds": {}, "SolveResult": 402, "UpperBounds": {}, "MaxQueueSize": 3945, "NumberOfSOCC": 0, "VisitedNodes": 10677, "NonLinearTime": 139.351, "OptimalityGap": 3.92039, "FBBTIterations": 0, "FirstLowerBound": 0, "InfeasibleNodes": 1394, "IntNonLinearTime": 0, "LinearSolvingTime": 280.317, "LinearizationTime": 0.34877, "NumberOfVariables": 1110, "CallsToLinearSolver": 10677, "DegreeReductionTime": 0, "FBBTPreparationTime": 0, "FirstNodeIterations": 1090, "NumberOfConstraints": 1132, "FirstNodeSolvingTime": 0.0616169, "LinearGenerationTime": 71.4812, "MosekLicenseNotFound": 0, "GurobiLicenseNotFound": 0, "KnitroLicenseNotFound": 0, "SDPCutsGenerationTime": 0, "finishedBeforeReading": 0, "CallsToNonLinearSolver": 16, "NumberOfRLTSolvedNodes": 10677, "NumberOfSDPConstraints": 0, "NumberOfSDPSolvedNodes": 0, "NumberOfSOCPSolvedNodes": 0, "PercentageOfBindingSOCC": 0, "LinearPostProcessingTime": 9.76922, "CallsToNonLinearSolverInt": 0, "LinearSolvingTimeBySolver": 277.509, "NodesDiscardedByFathoming": 0, "NodesDiscardedByTolerance": 0, "finishedBeforeLinearizing": 0, "BoundFactorConstraintsTime": 53.3076, "meanBTRelativeChangeRootNode": 0, "NumberOfChangesFromConicToRLT": 0, "NumberOfBoundFactorConstraints": 3670, "PercentageOfOBBTSolvedProblems": 0, "NumberOfLAPACKConvergenceFailures": 0, "PercentageOfBindingSDPConstraints": 0, "NumberOfRLTVariablesAfterLinearization": 931}