{"Itbt": 0, "Pace": 600000, "Depth": 18, "Degree": 2, "RPSTime": 100.248, "FBBTTime": 0, "OBBTTime": 0, "TotalTime": 600.018, "Iterations": 59818, "LinearTime": 496.993, "LowerBound": 0, "TimeVector": [], "UpperBound": 9.64803, "rootBTTime": 0, "LowerBounds": {}, "SolveResult": 402, "UpperBounds": {}, "MaxQueueSize": 31741, "NumberOfSOCC": 0, "VisitedNodes": 119637, "NonLinearTime": 2.75674, "OptimalityGap": 9.64803, "FBBTIterations": 0, "FirstLowerBound": 0, "InfeasibleNodes": 28064, "IntNonLinearTime": 0, "LinearSolvingTime": 325.441, "LinearizationTime": 0.0102109, "NumberOfVariables": 184, "CallsToLinearSolver": 119637, "DegreeReductionTime": 0, "FBBTPreparationTime": 0, "FirstNodeIterations": 183, "NumberOfConstraints": 190, "FirstNodeSolvingTime": 0.00783319, "LinearGenerationTime": 139.001, "MosekLicenseNotFound": 0, "GurobiLicenseNotFound": 0, "KnitroLicenseNotFound": 0, "SDPCutsGenerationTime": 0, "finishedBeforeReading": 0, "CallsToNonLinearSolver": 21, "NumberOfRLTSolvedNodes": 119637, "NumberOfSDPConstraints": 0, "NumberOfSDPSolvedNodes": 0, "NumberOfSOCPSolvedNodes": 0, "PercentageOfBindingSOCC": 0, "LinearPostProcessingTime": 15.7143, "CallsToNonLinearSolverInt": 0, "LinearSolvingTimeBySolver": 314.52, "NodesDiscardedByFathoming": 0, "NodesDiscardedByTolerance": 14, "finishedBeforeLinearizing": 0, "BoundFactorConstraintsTime": 52.4323, "meanBTRelativeChangeRootNode": 0, "NumberOfChangesFromConicToRLT": 0, "NumberOfBoundFactorConstraints": 648, "PercentageOfOBBTSolvedProblems": 0, "NumberOfLAPACKConvergenceFailures": 0, "PercentageOfBindingSDPConstraints": 0, "NumberOfRLTVariablesAfterLinearization": 169}