{"Itbt": 0, "Pace": 600000, "Depth": 14, "Degree": 2, "RPSTime": 95.2982, "FBBTTime": 0, "OBBTTime": 0, "TotalTime": 600.027, "Iterations": 8834, "LinearTime": 458.016, "LowerBound": 0, "TimeVector": [], "UpperBound": 4.11766, "rootBTTime": 0, "LowerBounds": {}, "SolveResult": 402, "UpperBounds": {}, "MaxQueueSize": 6494, "NumberOfSOCC": 0, "VisitedNodes": 17669, "NonLinearTime": 46.5928, "OptimalityGap": 4.11766, "FBBTIterations": 0, "FirstLowerBound": 0, "InfeasibleNodes": 2341, "IntNonLinearTime": 0, "LinearSolvingTime": 353.131, "LinearizationTime": 0.173179, "NumberOfVariables": 791, "CallsToLinearSolver": 17669, "DegreeReductionTime": 0, "FBBTPreparationTime": 0, "FirstNodeIterations": 781, "NumberOfConstraints": 814, "FirstNodeSolvingTime": 0.0408146, "LinearGenerationTime": 81.7524, "MosekLicenseNotFound": 0, "GurobiLicenseNotFound": 0, "KnitroLicenseNotFound": 0, "SDPCutsGenerationTime": 0, "finishedBeforeReading": 0, "CallsToNonLinearSolver": 17, "NumberOfRLTSolvedNodes": 17669, "NumberOfSDPConstraints": 0, "NumberOfSDPSolvedNodes": 0, "NumberOfSOCPSolvedNodes": 0, "PercentageOfBindingSOCC": 0, "LinearPostProcessingTime": 11.2248, "CallsToNonLinearSolverInt": 0, "LinearSolvingTimeBySolver": 349.177, "NodesDiscardedByFathoming": 0, "NodesDiscardedByTolerance": 0, "finishedBeforeLinearizing": 0, "BoundFactorConstraintsTime": 57.2091, "meanBTRelativeChangeRootNode": 0, "NumberOfChangesFromConicToRLT": 0, "NumberOfBoundFactorConstraints": 2564, "PercentageOfOBBTSolvedProblems": 0, "NumberOfLAPACKConvergenceFailures": 0, "PercentageOfBindingSDPConstraints": 0, "NumberOfRLTVariablesAfterLinearization": 651}