{"Itbt": 0, "Pace": 599951, "Depth": 52, "Degree": 2, "RPSTime": 118.293, "FBBTTime": 0, "OBBTTime": 0, "TotalTime": 599.951, "Iterations": 102395, "LinearTime": 479.103, "LowerBound": 648, "TimeVector": [], "UpperBound": 1201.04, "rootBTTime": 0, "LowerBounds": {}, "SolveResult": 402, "UpperBounds": {}, "MaxQueueSize": 47508, "NumberOfSOCC": 0, "VisitedNodes": 204791, "NonLinearTime": 2.53255, "OptimalityGap": 553.038, "FBBTIterations": 0, "FirstLowerBound": 648, "InfeasibleNodes": 25899, "IntNonLinearTime": 0, "LinearSolvingTime": 254.329, "LinearizationTime": 0.00457143, "NumberOfVariables": 196, "CallsToLinearSolver": 204791, "DegreeReductionTime": 0, "FBBTPreparationTime": 0, "FirstNodeIterations": 88, "NumberOfConstraints": 47, "FirstNodeSolvingTime": 0.0058983, "LinearGenerationTime": 181.684, "MosekLicenseNotFound": 0, "GurobiLicenseNotFound": 0, "KnitroLicenseNotFound": 0, "SDPCutsGenerationTime": 0, "finishedBeforeReading": 0, "CallsToNonLinearSolver": 20, "NumberOfRLTSolvedNodes": 204791, "NumberOfSDPConstraints": 0, "NumberOfSDPSolvedNodes": 0, "NumberOfSOCPSolvedNodes": 0, "PercentageOfBindingSOCC": 0, "LinearPostProcessingTime": 20.5467, "CallsToNonLinearSolverInt": 0, "LinearSolvingTimeBySolver": 240.428, "NodesDiscardedByFathoming": 0, "NodesDiscardedByTolerance": 28989, "finishedBeforeLinearizing": 0, "BoundFactorConstraintsTime": 48.9064, "meanBTRelativeChangeRootNode": 0, "NumberOfChangesFromConicToRLT": 0, "NumberOfBoundFactorConstraints": 480, "PercentageOfOBBTSolvedProblems": 0, "NumberOfLAPACKConvergenceFailures": 0, "PercentageOfBindingSDPConstraints": 0, "NumberOfRLTVariablesAfterLinearization": 120}