{"Itbt": 0, "Pace": 600000, "Depth": 104, "Degree": 2, "RPSTime": 515.017, "FBBTTime": 0, "OBBTTime": 0, "TotalTime": 601.799, "Iterations": 114, "LinearTime": 83.4208, "LowerBound": 0, "TimeVector": [], "UpperBound": 0.0625231, "rootBTTime": 0, "LowerBounds": {}, "SolveResult": 402, "UpperBounds": {}, "MaxQueueSize": 94, "NumberOfSOCC": 0, "VisitedNodes": 229, "NonLinearTime": 3.05342, "OptimalityGap": 0.0625231, "FBBTIterations": 0, "FirstLowerBound": 0, "InfeasibleNodes": 4, "IntNonLinearTime": 0, "LinearSolvingTime": 19.753, "LinearizationTime": 225.351, "NumberOfVariables": 200, "CallsToLinearSolver": 229, "DegreeReductionTime": 0, "FBBTPreparationTime": 0, "FirstNodeIterations": 1, "NumberOfConstraints": 1, "FirstNodeSolvingTime": 0.274526, "LinearGenerationTime": 31.6132, "MosekLicenseNotFound": 0, "GurobiLicenseNotFound": 0, "KnitroLicenseNotFound": 0, "SDPCutsGenerationTime": 0, "finishedBeforeReading": 0, "CallsToNonLinearSolver": 10, "NumberOfRLTSolvedNodes": 229, "NumberOfSDPConstraints": 0, "NumberOfSDPSolvedNodes": 0, "NumberOfSOCPSolvedNodes": 0, "PercentageOfBindingSOCC": 0, "LinearPostProcessingTime": 23.7222, "CallsToNonLinearSolverInt": 0, "LinearSolvingTimeBySolver": 16.9914, "NodesDiscardedByFathoming": 0, "NodesDiscardedByTolerance": 17, "finishedBeforeLinearizing": 0, "BoundFactorConstraintsTime": 282.817, "meanBTRelativeChangeRootNode": 0, "NumberOfChangesFromConicToRLT": 0, "NumberOfBoundFactorConstraints": 80200, "PercentageOfOBBTSolvedProblems": 0, "NumberOfLAPACKConvergenceFailures": 0, "PercentageOfBindingSDPConstraints": 0, "NumberOfRLTVariablesAfterLinearization": 20100}