{"Itbt": 0, "Pace": 2757.83, "Depth": 66, "Degree": 2, "RPSTime": 74.1112, "FBBTTime": 0, "OBBTTime": 0, "TotalTime": 599.896, "Iterations": 54036, "LinearTime": 478.484, "LowerBound": 1025.02, "TimeVector": [], "UpperBound": 2128.21, "rootBTTime": 0, "LowerBounds": {}, "SolveResult": 402, "UpperBounds": {}, "MaxQueueSize": 29960, "NumberOfSOCC": 0, "VisitedNodes": 108073, "NonLinearTime": 47.2746, "OptimalityGap": 1103.19, "FBBTIterations": 0, "FirstLowerBound": 1024.8, "InfeasibleNodes": 4867, "IntNonLinearTime": 0, "LinearSolvingTime": 342.902, "LinearizationTime": 0.00573085, "NumberOfVariables": 303, "CallsToLinearSolver": 108073, "DegreeReductionTime": 0, "FBBTPreparationTime": 0, "FirstNodeIterations": 134, "NumberOfConstraints": 251, "FirstNodeSolvingTime": 0.00809079, "LinearGenerationTime": 107.538, "MosekLicenseNotFound": 0, "GurobiLicenseNotFound": 0, "KnitroLicenseNotFound": 0, "SDPCutsGenerationTime": 0, "finishedBeforeReading": 0, "CallsToNonLinearSolver": 19, "NumberOfRLTSolvedNodes": 108073, "NumberOfSDPConstraints": 0, "NumberOfSDPSolvedNodes": 0, "NumberOfSOCPSolvedNodes": 0, "PercentageOfBindingSOCC": 0, "LinearPostProcessingTime": 17.3249, "CallsToNonLinearSolverInt": 0, "LinearSolvingTimeBySolver": 332.548, "NodesDiscardedByFathoming": 0, "NodesDiscardedByTolerance": 19210, "finishedBeforeLinearizing": 0, "BoundFactorConstraintsTime": 35.6333, "meanBTRelativeChangeRootNode": 0, "NumberOfChangesFromConicToRLT": 0, "NumberOfBoundFactorConstraints": 448, "PercentageOfOBBTSolvedProblems": 0, "NumberOfLAPACKConvergenceFailures": 0, "PercentageOfBindingSDPConstraints": 0, "NumberOfRLTVariablesAfterLinearization": 112}