{"Itbt": 0, "Pace": 12.2289, "Depth": 39, "Degree": 2, "RPSTime": 211.791, "FBBTTime": 0, "OBBTTime": 0, "TotalTime": 600.077, "Iterations": 5164, "LinearTime": 387.894, "LowerBound": -104.297, "TimeVector": [], "UpperBound": -6.38601, "rootBTTime": 0, "LowerBounds": {}, "SolveResult": 402, "UpperBounds": {}, "MaxQueueSize": 5138, "NumberOfSOCC": 0, "VisitedNodes": 10329, "NonLinearTime": 0.359801, "OptimalityGap": 97.9111, "FBBTIterations": 0, "FirstLowerBound": -153.36, "InfeasibleNodes": 18, "IntNonLinearTime": 0, "LinearSolvingTime": 282.372, "LinearizationTime": 0.510458, "NumberOfVariables": 50, "CallsToLinearSolver": 10329, "DegreeReductionTime": 0, "FBBTPreparationTime": 0, "FirstNodeIterations": 1125, "NumberOfConstraints": 1, "FirstNodeSolvingTime": 0.049453, "LinearGenerationTime": 71.6287, "MosekLicenseNotFound": 0, "GurobiLicenseNotFound": 0, "KnitroLicenseNotFound": 0, "SDPCutsGenerationTime": 0, "finishedBeforeReading": 0, "CallsToNonLinearSolver": 16, "NumberOfRLTSolvedNodes": 10329, "NumberOfSDPConstraints": 0, "NumberOfSDPSolvedNodes": 0, "NumberOfSOCPSolvedNodes": 0, "PercentageOfBindingSOCC": 0, "LinearPostProcessingTime": 11.3668, "CallsToNonLinearSolverInt": 0, "LinearSolvingTimeBySolver": 279.862, "NodesDiscardedByFathoming": 0, "NodesDiscardedByTolerance": 9, "finishedBeforeLinearizing": 0, "BoundFactorConstraintsTime": 190.273, "meanBTRelativeChangeRootNode": 0, "NumberOfChangesFromConicToRLT": 0, "NumberOfBoundFactorConstraints": 5050, "PercentageOfOBBTSolvedProblems": 0, "NumberOfLAPACKConvergenceFailures": 0, "PercentageOfBindingSDPConstraints": 0, "NumberOfRLTVariablesAfterLinearization": 1275}