{"Itbt": 0, "Pace": 43.5512, "Depth": 69, "Degree": 2, "RPSTime": 155.444, "FBBTTime": 0, "OBBTTime": 0, "TotalTime": 600.047, "Iterations": 3047, "LinearTime": 439.33, "LowerBound": -65.9332, "TimeVector": [], "UpperBound": -32.1476, "rootBTTime": 0, "LowerBounds": {}, "SolveResult": 402, "UpperBounds": {}, "MaxQueueSize": 2950, "NumberOfSOCC": 0, "VisitedNodes": 6095, "NonLinearTime": 5.02941, "OptimalityGap": 33.7856, "FBBTIterations": 0, "FirstLowerBound": -79.709, "InfeasibleNodes": 0, "IntNonLinearTime": 0, "LinearSolvingTime": 341.007, "LinearizationTime": 0.526553, "NumberOfVariables": 50, "CallsToLinearSolver": 6095, "DegreeReductionTime": 0, "FBBTPreparationTime": 0, "FirstNodeIterations": 812, "NumberOfConstraints": 50, "FirstNodeSolvingTime": 0.0697667, "LinearGenerationTime": 81.4307, "MosekLicenseNotFound": 0, "GurobiLicenseNotFound": 0, "KnitroLicenseNotFound": 0, "SDPCutsGenerationTime": 0, "finishedBeforeReading": 0, "CallsToNonLinearSolver": 15, "NumberOfRLTSolvedNodes": 6095, "NumberOfSDPConstraints": 0, "NumberOfSDPSolvedNodes": 0, "NumberOfSOCPSolvedNodes": 0, "PercentageOfBindingSOCC": 0, "LinearPostProcessingTime": 6.225, "CallsToNonLinearSolverInt": 0, "LinearSolvingTimeBySolver": 339.524, "NodesDiscardedByFathoming": 0, "NodesDiscardedByTolerance": 98, "finishedBeforeLinearizing": 0, "BoundFactorConstraintsTime": 116.385, "meanBTRelativeChangeRootNode": 0, "NumberOfChangesFromConicToRLT": 0, "NumberOfBoundFactorConstraints": 5050, "PercentageOfOBBTSolvedProblems": 0, "NumberOfLAPACKConvergenceFailures": 0, "PercentageOfBindingSDPConstraints": 0, "NumberOfRLTVariablesAfterLinearization": 1275}