{"Itbt": 0, "Pace": 41.9112, "Depth": 32, "Degree": 2, "RPSTime": 201.644, "FBBTTime": 0, "OBBTTime": 0, "TotalTime": 600.019, "Iterations": 4983, "LinearTime": 397.185, "LowerBound": -64.4447, "TimeVector": [], "UpperBound": -37.8535, "rootBTTime": 0, "LowerBounds": {}, "SolveResult": 402, "UpperBounds": {}, "MaxQueueSize": 4983, "NumberOfSOCC": 0, "VisitedNodes": 9967, "NonLinearTime": 1.08525, "OptimalityGap": 26.5911, "FBBTIterations": 0, "FirstLowerBound": -78.7596, "InfeasibleNodes": 0, "IntNonLinearTime": 0, "LinearSolvingTime": 281.477, "LinearizationTime": 0.520736, "NumberOfVariables": 50, "CallsToLinearSolver": 9967, "DegreeReductionTime": 0, "FBBTPreparationTime": 0, "FirstNodeIterations": 947, "NumberOfConstraints": 10, "FirstNodeSolvingTime": 0.0442222, "LinearGenerationTime": 83.6121, "MosekLicenseNotFound": 0, "GurobiLicenseNotFound": 0, "KnitroLicenseNotFound": 0, "SDPCutsGenerationTime": 0, "finishedBeforeReading": 0, "CallsToNonLinearSolver": 16, "NumberOfRLTSolvedNodes": 9967, "NumberOfSDPConstraints": 0, "NumberOfSDPSolvedNodes": 0, "NumberOfSOCPSolvedNodes": 0, "PercentageOfBindingSOCC": 0, "LinearPostProcessingTime": 9.99101, "CallsToNonLinearSolverInt": 0, "LinearSolvingTimeBySolver": 279.043, "NodesDiscardedByFathoming": 0, "NodesDiscardedByTolerance": 1, "finishedBeforeLinearizing": 0, "BoundFactorConstraintsTime": 173.174, "meanBTRelativeChangeRootNode": 0, "NumberOfChangesFromConicToRLT": 0, "NumberOfBoundFactorConstraints": 5050, "PercentageOfOBBTSolvedProblems": 0, "NumberOfLAPACKConvergenceFailures": 0, "PercentageOfBindingSDPConstraints": 0, "NumberOfRLTVariablesAfterLinearization": 1275}