{"Itbt": 0, "Pace": 27.6729, "Depth": 51, "Degree": 2, "RPSTime": 161.039, "FBBTTime": 0, "OBBTTime": 0, "TotalTime": 600.032, "Iterations": 6599, "LinearTime": 436.523, "LowerBound": -72.9792, "TimeVector": [], "UpperBound": -33.037, "rootBTTime": 0, "LowerBounds": {}, "SolveResult": 402, "UpperBounds": {}, "MaxQueueSize": 6515, "NumberOfSOCC": 0, "VisitedNodes": 13199, "NonLinearTime": 2.34167, "OptimalityGap": 39.9421, "FBBTIterations": 0, "FirstLowerBound": -94.66, "InfeasibleNodes": 0, "IntNonLinearTime": 0, "LinearSolvingTime": 326.016, "LinearizationTime": 0.211227, "NumberOfVariables": 40, "CallsToLinearSolver": 13199, "DegreeReductionTime": 0, "FBBTPreparationTime": 0, "FirstNodeIterations": 581, "NumberOfConstraints": 20, "FirstNodeSolvingTime": 0.033046, "LinearGenerationTime": 88.8838, "MosekLicenseNotFound": 0, "GurobiLicenseNotFound": 0, "KnitroLicenseNotFound": 0, "SDPCutsGenerationTime": 0, "finishedBeforeReading": 0, "CallsToNonLinearSolver": 16, "NumberOfRLTSolvedNodes": 13199, "NumberOfSDPConstraints": 0, "NumberOfSDPSolvedNodes": 0, "NumberOfSOCPSolvedNodes": 0, "PercentageOfBindingSOCC": 0, "LinearPostProcessingTime": 9.17992, "CallsToNonLinearSolverInt": 0, "LinearSolvingTimeBySolver": 323.313, "NodesDiscardedByFathoming": 0, "NodesDiscardedByTolerance": 85, "finishedBeforeLinearizing": 0, "BoundFactorConstraintsTime": 118.862, "meanBTRelativeChangeRootNode": 0, "NumberOfChangesFromConicToRLT": 0, "NumberOfBoundFactorConstraints": 3240, "PercentageOfOBBTSolvedProblems": 0, "NumberOfLAPACKConvergenceFailures": 0, "PercentageOfBindingSDPConstraints": 0, "NumberOfRLTVariablesAfterLinearization": 820}