{"Itbt": 0, "Pace": 18.536, "Depth": 69, "Degree": 2, "RPSTime": 70.944, "FBBTTime": 0, "OBBTTime": 0, "TotalTime": 600.028, "Iterations": 3014, "LinearTime": 525.97, "LowerBound": -107.989, "TimeVector": [], "UpperBound": -57.2467, "rootBTTime": 0, "LowerBounds": {}, "SolveResult": 402, "UpperBounds": {}, "MaxQueueSize": 3014, "NumberOfSOCC": 0, "VisitedNodes": 6029, "NonLinearTime": 2.96127, "OptimalityGap": 50.7424, "FBBTIterations": 0, "FirstLowerBound": -140.358, "InfeasibleNodes": 1, "IntNonLinearTime": 0, "LinearSolvingTime": 473.959, "LinearizationTime": 0.212481, "NumberOfVariables": 40, "CallsToLinearSolver": 6029, "DegreeReductionTime": 0, "FBBTPreparationTime": 0, "FirstNodeIterations": 891, "NumberOfConstraints": 24, "FirstNodeSolvingTime": 0.0787959, "LinearGenerationTime": 42.1688, "MosekLicenseNotFound": 0, "GurobiLicenseNotFound": 0, "KnitroLicenseNotFound": 0, "SDPCutsGenerationTime": 0, "finishedBeforeReading": 0, "CallsToNonLinearSolver": 15, "NumberOfRLTSolvedNodes": 6029, "NumberOfSDPConstraints": 0, "NumberOfSDPSolvedNodes": 0, "NumberOfSOCPSolvedNodes": 0, "PercentageOfBindingSOCC": 0, "LinearPostProcessingTime": 4.11809, "CallsToNonLinearSolverInt": 0, "LinearSolvingTimeBySolver": 472.68, "NodesDiscardedByFathoming": 0, "NodesDiscardedByTolerance": 0, "finishedBeforeLinearizing": 0, "BoundFactorConstraintsTime": 52.3887, "meanBTRelativeChangeRootNode": 0, "NumberOfChangesFromConicToRLT": 0, "NumberOfBoundFactorConstraints": 3240, "PercentageOfOBBTSolvedProblems": 0, "NumberOfLAPACKConvergenceFailures": 0, "PercentageOfBindingSDPConstraints": 0, "NumberOfRLTVariablesAfterLinearization": 820}