{"Itbt": 0, "Pace": 236.248, "Depth": 79, "Degree": 2, "RPSTime": 93.1355, "FBBTTime": 0, "OBBTTime": 0, "TotalTime": 600.01, "Iterations": 4483, "LinearTime": 506.489, "LowerBound": -12.2659, "TimeVector": [], "UpperBound": -10.9482, "rootBTTime": 0, "LowerBounds": {}, "SolveResult": 402, "UpperBounds": {}, "MaxQueueSize": 4421, "NumberOfSOCC": 0, "VisitedNodes": 8967, "NonLinearTime": 0.254642, "OptimalityGap": 1.31774, "FBBTIterations": 0, "FirstLowerBound": -14.8046, "InfeasibleNodes": 3, "IntNonLinearTime": 0, "LinearSolvingTime": 449.284, "LinearizationTime": 0.206286, "NumberOfVariables": 40, "CallsToLinearSolver": 8967, "DegreeReductionTime": 0, "FBBTPreparationTime": 0, "FirstNodeIterations": 1133, "NumberOfConstraints": 9, "FirstNodeSolvingTime": 0.06287, "LinearGenerationTime": 40.2319, "MosekLicenseNotFound": 0, "GurobiLicenseNotFound": 0, "KnitroLicenseNotFound": 0, "SDPCutsGenerationTime": 0, "finishedBeforeReading": 0, "CallsToNonLinearSolver": 16, "NumberOfRLTSolvedNodes": 8967, "NumberOfSDPConstraints": 0, "NumberOfSDPSolvedNodes": 0, "NumberOfSOCPSolvedNodes": 0, "PercentageOfBindingSOCC": 0, "LinearPostProcessingTime": 6.00378, "CallsToNonLinearSolverInt": 0, "LinearSolvingTimeBySolver": 447.394, "NodesDiscardedByFathoming": 0, "NodesDiscardedByTolerance": 60, "finishedBeforeLinearizing": 0, "BoundFactorConstraintsTime": 80.4991, "meanBTRelativeChangeRootNode": 0, "NumberOfChangesFromConicToRLT": 0, "NumberOfBoundFactorConstraints": 3216, "PercentageOfOBBTSolvedProblems": 0, "NumberOfLAPACKConvergenceFailures": 0, "PercentageOfBindingSDPConstraints": 0, "NumberOfRLTVariablesAfterLinearization": 814}