{"Itbt": 0, "Pace": 169.409, "Depth": 41, "Degree": 2, "RPSTime": 99.9404, "FBBTTime": 0, "OBBTTime": 0, "TotalTime": 600.049, "Iterations": 2377, "LinearTime": 499.758, "LowerBound": -12.9747, "TimeVector": [], "UpperBound": -7.71416, "rootBTTime": 0, "LowerBounds": {}, "SolveResult": 402, "UpperBounds": {}, "MaxQueueSize": 1912, "NumberOfSOCC": 0, "VisitedNodes": 4755, "NonLinearTime": 0.322435, "OptimalityGap": 5.26057, "FBBTIterations": 0, "FirstLowerBound": -16.5155, "InfeasibleNodes": 2, "IntNonLinearTime": 0, "LinearSolvingTime": 449.6, "LinearizationTime": 0.51234, "NumberOfVariables": 50, "CallsToLinearSolver": 4755, "DegreeReductionTime": 0, "FBBTPreparationTime": 0, "FirstNodeIterations": 1512, "NumberOfConstraints": 6, "FirstNodeSolvingTime": 0.110423, "LinearGenerationTime": 34.9089, "MosekLicenseNotFound": 0, "GurobiLicenseNotFound": 0, "KnitroLicenseNotFound": 0, "SDPCutsGenerationTime": 0, "finishedBeforeReading": 0, "CallsToNonLinearSolver": 15, "NumberOfRLTSolvedNodes": 4755, "NumberOfSDPConstraints": 0, "NumberOfSDPSolvedNodes": 0, "NumberOfSOCPSolvedNodes": 0, "PercentageOfBindingSOCC": 0, "LinearPostProcessingTime": 5.29329, "CallsToNonLinearSolverInt": 0, "LinearSolvingTimeBySolver": 448.408, "NodesDiscardedByFathoming": 0, "NodesDiscardedByTolerance": 464, "finishedBeforeLinearizing": 0, "BoundFactorConstraintsTime": 88.4522, "meanBTRelativeChangeRootNode": 0, "NumberOfChangesFromConicToRLT": 0, "NumberOfBoundFactorConstraints": 5042, "PercentageOfOBBTSolvedProblems": 0, "NumberOfLAPACKConvergenceFailures": 0, "PercentageOfBindingSDPConstraints": 0, "NumberOfRLTVariablesAfterLinearization": 1273}