{"Itbt": 0, "Pace": 117.234, "Depth": 117, "Degree": 2, "RPSTime": 72.8413, "FBBTTime": 0, "OBBTTime": 0, "TotalTime": 600.079, "Iterations": 2981, "LinearTime": 525.739, "LowerBound": -20.5607, "TimeVector": [], "UpperBound": -14.9675, "rootBTTime": 0, "LowerBounds": {}, "SolveResult": 402, "UpperBounds": {}, "MaxQueueSize": 2943, "NumberOfSOCC": 0, "VisitedNodes": 5963, "NonLinearTime": 1.34983, "OptimalityGap": 5.59323, "FBBTIterations": 0, "FirstLowerBound": -25.6776, "InfeasibleNodes": 0, "IntNonLinearTime": 0, "LinearSolvingTime": 474.033, "LinearizationTime": 0.213381, "NumberOfVariables": 40, "CallsToLinearSolver": 5963, "DegreeReductionTime": 0, "FBBTPreparationTime": 0, "FirstNodeIterations": 989, "NumberOfConstraints": 24, "FirstNodeSolvingTime": 0.0934561, "LinearGenerationTime": 41.7726, "MosekLicenseNotFound": 0, "GurobiLicenseNotFound": 0, "KnitroLicenseNotFound": 0, "SDPCutsGenerationTime": 0, "finishedBeforeReading": 0, "CallsToNonLinearSolver": 15, "NumberOfRLTSolvedNodes": 5963, "NumberOfSDPConstraints": 0, "NumberOfSDPSolvedNodes": 0, "NumberOfSOCPSolvedNodes": 0, "PercentageOfBindingSOCC": 0, "LinearPostProcessingTime": 4.0713, "CallsToNonLinearSolverInt": 0, "LinearSolvingTimeBySolver": 472.763, "NodesDiscardedByFathoming": 0, "NodesDiscardedByTolerance": 39, "finishedBeforeLinearizing": 0, "BoundFactorConstraintsTime": 54.311, "meanBTRelativeChangeRootNode": 0, "NumberOfChangesFromConicToRLT": 0, "NumberOfBoundFactorConstraints": 3240, "PercentageOfOBBTSolvedProblems": 0, "NumberOfLAPACKConvergenceFailures": 0, "PercentageOfBindingSDPConstraints": 0, "NumberOfRLTVariablesAfterLinearization": 820}