{"Itbt": 0, "Pace": 158.384, "Depth": 67, "Degree": 2, "RPSTime": 75.675, "FBBTTime": 0, "OBBTTime": 0, "TotalTime": 600.123, "Iterations": 1824, "LinearTime": 524.06, "LowerBound": -11.7006, "TimeVector": [], "UpperBound": -7.78917, "rootBTTime": 0, "LowerBounds": {}, "SolveResult": 402, "UpperBounds": {}, "MaxQueueSize": 1315, "NumberOfSOCC": 0, "VisitedNodes": 3649, "NonLinearTime": 0.323094, "OptimalityGap": 3.91139, "FBBTIterations": 0, "FirstLowerBound": -15.4878, "InfeasibleNodes": 320, "IntNonLinearTime": 0, "LinearSolvingTime": 486.624, "LinearizationTime": 0.507738, "NumberOfVariables": 50, "CallsToLinearSolver": 3649, "DegreeReductionTime": 0, "FBBTPreparationTime": 0, "FirstNodeIterations": 1789, "NumberOfConstraints": 11, "FirstNodeSolvingTime": 0.157503, "LinearGenerationTime": 26.381, "MosekLicenseNotFound": 0, "GurobiLicenseNotFound": 0, "KnitroLicenseNotFound": 0, "SDPCutsGenerationTime": 0, "finishedBeforeReading": 0, "CallsToNonLinearSolver": 14, "NumberOfRLTSolvedNodes": 3649, "NumberOfSDPConstraints": 0, "NumberOfSDPSolvedNodes": 0, "NumberOfSOCPSolvedNodes": 0, "PercentageOfBindingSOCC": 0, "LinearPostProcessingTime": 3.67694, "CallsToNonLinearSolverInt": 0, "LinearSolvingTimeBySolver": 485.715, "NodesDiscardedByFathoming": 0, "NodesDiscardedByTolerance": 191, "finishedBeforeLinearizing": 0, "BoundFactorConstraintsTime": 66.9339, "meanBTRelativeChangeRootNode": 0, "NumberOfChangesFromConicToRLT": 0, "NumberOfBoundFactorConstraints": 5026, "PercentageOfOBBTSolvedProblems": 0, "NumberOfLAPACKConvergenceFailures": 0, "PercentageOfBindingSDPConstraints": 0, "NumberOfRLTVariablesAfterLinearization": 1269}