{"Itbt": 0, "Pace": 25.6309, "Depth": 23, "Degree": 2, "RPSTime": 55.5163, "FBBTTime": 0, "OBBTTime": 0, "TotalTime": 600.044, "Iterations": 578, "LinearTime": 533.879, "LowerBound": -168.115, "TimeVector": [], "UpperBound": -87.2849, "rootBTTime": 0, "LowerBounds": {}, "SolveResult": 402, "UpperBounds": {}, "MaxQueueSize": 578, "NumberOfSOCC": 0, "VisitedNodes": 1157, "NonLinearTime": 10.2283, "OptimalityGap": 80.8302, "FBBTIterations": 0, "FirstLowerBound": -191.523, "InfeasibleNodes": 1, "IntNonLinearTime": 0, "LinearSolvingTime": 502.905, "LinearizationTime": 1.14124, "NumberOfVariables": 60, "CallsToLinearSolver": 1157, "DegreeReductionTime": 0, "FBBTPreparationTime": 0, "FirstNodeIterations": 3842, "NumberOfConstraints": 66, "FirstNodeSolvingTime": 0.558459, "LinearGenerationTime": 25.3836, "MosekLicenseNotFound": 0, "GurobiLicenseNotFound": 0, "KnitroLicenseNotFound": 0, "SDPCutsGenerationTime": 0, "finishedBeforeReading": 0, "CallsToNonLinearSolver": 13, "NumberOfRLTSolvedNodes": 1157, "NumberOfSDPConstraints": 0, "NumberOfSDPSolvedNodes": 0, "NumberOfSOCPSolvedNodes": 0, "PercentageOfBindingSOCC": 0, "LinearPostProcessingTime": 1.86302, "CallsToNonLinearSolverInt": 0, "LinearSolvingTimeBySolver": 502.511, "NodesDiscardedByFathoming": 0, "NodesDiscardedByTolerance": 0, "finishedBeforeLinearizing": 0, "BoundFactorConstraintsTime": 41.6803, "meanBTRelativeChangeRootNode": 0, "NumberOfChangesFromConicToRLT": 0, "NumberOfBoundFactorConstraints": 7260, "PercentageOfOBBTSolvedProblems": 0, "NumberOfLAPACKConvergenceFailures": 0, "PercentageOfBindingSDPConstraints": 0, "NumberOfRLTVariablesAfterLinearization": 1830}