{"Itbt": 0, "Pace": 25.9622, "Depth": 43, "Degree": 2, "RPSTime": 94.3123, "FBBTTime": 0, "OBBTTime": 0, "TotalTime": 600.021, "Iterations": 4232, "LinearTime": 505.206, "LowerBound": -62.5397, "TimeVector": [], "UpperBound": -43.1604, "rootBTTime": 0, "LowerBounds": {}, "SolveResult": 402, "UpperBounds": {}, "MaxQueueSize": 2570, "NumberOfSOCC": 0, "VisitedNodes": 8465, "NonLinearTime": 0.455351, "OptimalityGap": 19.3793, "FBBTIterations": 0, "FirstLowerBound": -85.6492, "InfeasibleNodes": 217, "IntNonLinearTime": 0, "LinearSolvingTime": 446.79, "LinearizationTime": 0.209902, "NumberOfVariables": 40, "CallsToLinearSolver": 8465, "DegreeReductionTime": 0, "FBBTPreparationTime": 0, "FirstNodeIterations": 1176, "NumberOfConstraints": 5, "FirstNodeSolvingTime": 0.0643234, "LinearGenerationTime": 41.914, "MosekLicenseNotFound": 0, "GurobiLicenseNotFound": 0, "KnitroLicenseNotFound": 0, "SDPCutsGenerationTime": 0, "finishedBeforeReading": 0, "CallsToNonLinearSolver": 16, "NumberOfRLTSolvedNodes": 8465, "NumberOfSDPConstraints": 0, "NumberOfSDPSolvedNodes": 0, "NumberOfSOCPSolvedNodes": 0, "PercentageOfBindingSOCC": 0, "LinearPostProcessingTime": 5.68918, "CallsToNonLinearSolverInt": 0, "LinearSolvingTimeBySolver": 444.96, "NodesDiscardedByFathoming": 0, "NodesDiscardedByTolerance": 1446, "finishedBeforeLinearizing": 0, "BoundFactorConstraintsTime": 82.0178, "meanBTRelativeChangeRootNode": 0, "NumberOfChangesFromConicToRLT": 0, "NumberOfBoundFactorConstraints": 3240, "PercentageOfOBBTSolvedProblems": 0, "NumberOfLAPACKConvergenceFailures": 0, "PercentageOfBindingSDPConstraints": 0, "NumberOfRLTVariablesAfterLinearization": 820}