{"Itbt": 0, "Pace": 123.853, "Depth": 81, "Degree": 2, "RPSTime": 89.973, "FBBTTime": 0, "OBBTTime": 0, "TotalTime": 600.028, "Iterations": 8064, "LinearTime": 509.06, "LowerBound": -13.2622, "TimeVector": [], "UpperBound": -8.30138, "rootBTTime": 0, "LowerBounds": {}, "SolveResult": 402, "UpperBounds": {}, "MaxQueueSize": 8065, "NumberOfSOCC": 0, "VisitedNodes": 16129, "NonLinearTime": 0.891495, "OptimalityGap": 4.96085, "FBBTIterations": 0, "FirstLowerBound": -18.1057, "InfeasibleNodes": 0, "IntNonLinearTime": 0, "LinearSolvingTime": 421.412, "LinearizationTime": 0.0670985, "NumberOfVariables": 30, "CallsToLinearSolver": 16129, "DegreeReductionTime": 0, "FBBTPreparationTime": 0, "FirstNodeIterations": 560, "NumberOfConstraints": 33, "FirstNodeSolvingTime": 0.040637, "LinearGenerationTime": 75.4476, "MosekLicenseNotFound": 0, "GurobiLicenseNotFound": 0, "KnitroLicenseNotFound": 0, "SDPCutsGenerationTime": 0, "finishedBeforeReading": 0, "CallsToNonLinearSolver": 16, "NumberOfRLTSolvedNodes": 16129, "NumberOfSDPConstraints": 0, "NumberOfSDPSolvedNodes": 0, "NumberOfSOCPSolvedNodes": 0, "PercentageOfBindingSOCC": 0, "LinearPostProcessingTime": 5.92661, "CallsToNonLinearSolverInt": 0, "LinearSolvingTimeBySolver": 418.445, "NodesDiscardedByFathoming": 0, "NodesDiscardedByTolerance": 0, "finishedBeforeLinearizing": 0, "BoundFactorConstraintsTime": 61.3136, "meanBTRelativeChangeRootNode": 0, "NumberOfChangesFromConicToRLT": 0, "NumberOfBoundFactorConstraints": 1830, "PercentageOfOBBTSolvedProblems": 0, "NumberOfLAPACKConvergenceFailures": 0, "PercentageOfBindingSDPConstraints": 0, "NumberOfRLTVariablesAfterLinearization": 465}