{"Itbt": 0, "Pace": 171.237, "Depth": 30, "Degree": 2, "RPSTime": 55.1885, "FBBTTime": 0, "OBBTTime": 0, "TotalTime": 600.101, "Iterations": 483, "LinearTime": 528.424, "LowerBound": -23.1654, "TimeVector": [], "UpperBound": -11.5861, "rootBTTime": 0, "LowerBounds": {}, "SolveResult": 402, "UpperBounds": {}, "MaxQueueSize": 483, "NumberOfSOCC": 0, "VisitedNodes": 967, "NonLinearTime": 15.746, "OptimalityGap": 11.5793, "FBBTIterations": 0, "FirstLowerBound": -26.6684, "InfeasibleNodes": 2, "IntNonLinearTime": 0, "LinearSolvingTime": 495.388, "LinearizationTime": 1.1215, "NumberOfVariables": 60, "CallsToLinearSolver": 967, "DegreeReductionTime": 0, "FBBTPreparationTime": 0, "FirstNodeIterations": 2014, "NumberOfConstraints": 66, "FirstNodeSolvingTime": 0.50916, "LinearGenerationTime": 27.9538, "MosekLicenseNotFound": 0, "GurobiLicenseNotFound": 0, "KnitroLicenseNotFound": 0, "SDPCutsGenerationTime": 0, "finishedBeforeReading": 0, "CallsToNonLinearSolver": 12, "NumberOfRLTSolvedNodes": 967, "NumberOfSDPConstraints": 0, "NumberOfSDPSolvedNodes": 0, "NumberOfSOCPSolvedNodes": 0, "PercentageOfBindingSOCC": 0, "LinearPostProcessingTime": 1.77481, "CallsToNonLinearSolverInt": 0, "LinearSolvingTimeBySolver": 494.673, "NodesDiscardedByFathoming": 0, "NodesDiscardedByTolerance": 0, "finishedBeforeLinearizing": 0, "BoundFactorConstraintsTime": 37.7984, "meanBTRelativeChangeRootNode": 0, "NumberOfChangesFromConicToRLT": 0, "NumberOfBoundFactorConstraints": 7260, "PercentageOfOBBTSolvedProblems": 0, "NumberOfLAPACKConvergenceFailures": 0, "PercentageOfBindingSDPConstraints": 0, "NumberOfRLTVariablesAfterLinearization": 1830}