{"Itbt": 0, "Pace": 124.478, "Depth": 57, "Degree": 2, "RPSTime": 74.9816, "FBBTTime": 0, "OBBTTime": 0, "TotalTime": 600.001, "Iterations": 1524, "LinearTime": 522.317, "LowerBound": -17.7967, "TimeVector": [], "UpperBound": -9.2173, "rootBTTime": 0, "LowerBounds": {}, "SolveResult": 402, "UpperBounds": {}, "MaxQueueSize": 1390, "NumberOfSOCC": 0, "VisitedNodes": 3049, "NonLinearTime": 2.42612, "OptimalityGap": 8.5794, "FBBTIterations": 0, "FirstLowerBound": -22.6158, "InfeasibleNodes": 1, "IntNonLinearTime": 0, "LinearSolvingTime": 475.482, "LinearizationTime": 0.520047, "NumberOfVariables": 50, "CallsToLinearSolver": 3049, "DegreeReductionTime": 0, "FBBTPreparationTime": 0, "FirstNodeIterations": 1326, "NumberOfConstraints": 30, "FirstNodeSolvingTime": 0.207285, "LinearGenerationTime": 37.6166, "MosekLicenseNotFound": 0, "GurobiLicenseNotFound": 0, "KnitroLicenseNotFound": 0, "SDPCutsGenerationTime": 0, "finishedBeforeReading": 0, "CallsToNonLinearSolver": 14, "NumberOfRLTSolvedNodes": 3049, "NumberOfSDPConstraints": 0, "NumberOfSDPSolvedNodes": 0, "NumberOfSOCPSolvedNodes": 0, "PercentageOfBindingSOCC": 0, "LinearPostProcessingTime": 3.44901, "CallsToNonLinearSolverInt": 0, "LinearSolvingTimeBySolver": 474.736, "NodesDiscardedByFathoming": 0, "NodesDiscardedByTolerance": 134, "finishedBeforeLinearizing": 0, "BoundFactorConstraintsTime": 56.9947, "meanBTRelativeChangeRootNode": 0, "NumberOfChangesFromConicToRLT": 0, "NumberOfBoundFactorConstraints": 5050, "PercentageOfOBBTSolvedProblems": 0, "NumberOfLAPACKConvergenceFailures": 0, "PercentageOfBindingSDPConstraints": 0, "NumberOfRLTVariablesAfterLinearization": 1275}