{"Itbt": 0, "Pace": 140.305, "Depth": 27, "Degree": 2, "RPSTime": 59.4357, "FBBTTime": 0, "OBBTTime": 0, "TotalTime": 600.141, "Iterations": 786, "LinearTime": 540.252, "LowerBound": -25.8364, "TimeVector": [], "UpperBound": -15.9549, "rootBTTime": 0, "LowerBounds": {}, "SolveResult": 402, "UpperBounds": {}, "MaxQueueSize": 776, "NumberOfSOCC": 0, "VisitedNodes": 1573, "NonLinearTime": 0.388517, "OptimalityGap": 9.88155, "FBBTIterations": 0, "FirstLowerBound": -30.1118, "InfeasibleNodes": 2, "IntNonLinearTime": 0, "LinearSolvingTime": 515.799, "LinearizationTime": 1.07314, "NumberOfVariables": 60, "CallsToLinearSolver": 1573, "DegreeReductionTime": 0, "FBBTPreparationTime": 0, "FirstNodeIterations": 2987, "NumberOfConstraints": 13, "FirstNodeSolvingTime": 0.377015, "LinearGenerationTime": 16.7506, "MosekLicenseNotFound": 0, "GurobiLicenseNotFound": 0, "KnitroLicenseNotFound": 0, "SDPCutsGenerationTime": 0, "finishedBeforeReading": 0, "CallsToNonLinearSolver": 13, "NumberOfRLTSolvedNodes": 1573, "NumberOfSDPConstraints": 0, "NumberOfSDPSolvedNodes": 0, "NumberOfSOCPSolvedNodes": 0, "PercentageOfBindingSOCC": 0, "LinearPostProcessingTime": 2.69351, "CallsToNonLinearSolverInt": 0, "LinearSolvingTimeBySolver": 515.353, "NodesDiscardedByFathoming": 0, "NodesDiscardedByTolerance": 10, "finishedBeforeLinearizing": 0, "BoundFactorConstraintsTime": 53.0452, "meanBTRelativeChangeRootNode": 0, "NumberOfChangesFromConicToRLT": 0, "NumberOfBoundFactorConstraints": 7244, "PercentageOfOBBTSolvedProblems": 0, "NumberOfLAPACKConvergenceFailures": 0, "PercentageOfBindingSDPConstraints": 0, "NumberOfRLTVariablesAfterLinearization": 1826}