{"Itbt": 0, "Pace": 26.2172, "Depth": 25, "Degree": 2, "RPSTime": 53.4992, "FBBTTime": 0, "OBBTTime": 0, "TotalTime": 600.004, "Iterations": 1283, "LinearTime": 545.999, "LowerBound": -126.425, "TimeVector": [], "UpperBound": -75.6687, "rootBTTime": 0, "LowerBounds": {}, "SolveResult": 402, "UpperBounds": {}, "MaxQueueSize": 1283, "NumberOfSOCC": 0, "VisitedNodes": 2567, "NonLinearTime": 0.475788, "OptimalityGap": 50.756, "FBBTIterations": 0, "FirstLowerBound": -149.309, "InfeasibleNodes": 1, "IntNonLinearTime": 0, "LinearSolvingTime": 518.514, "LinearizationTime": 0.581226, "NumberOfVariables": 60, "CallsToLinearSolver": 2567, "DegreeReductionTime": 0, "FBBTPreparationTime": 0, "FirstNodeIterations": 2565, "NumberOfConstraints": 13, "FirstNodeSolvingTime": 0.227462, "LinearGenerationTime": 19.173, "MosekLicenseNotFound": 0, "GurobiLicenseNotFound": 0, "KnitroLicenseNotFound": 0, "SDPCutsGenerationTime": 0, "finishedBeforeReading": 0, "CallsToNonLinearSolver": 14, "NumberOfRLTSolvedNodes": 2567, "NumberOfSDPConstraints": 0, "NumberOfSDPSolvedNodes": 0, "NumberOfSOCPSolvedNodes": 0, "PercentageOfBindingSOCC": 0, "LinearPostProcessingTime": 2.7895, "CallsToNonLinearSolverInt": 0, "LinearSolvingTimeBySolver": 517.898, "NodesDiscardedByFathoming": 0, "NodesDiscardedByTolerance": 0, "finishedBeforeLinearizing": 0, "BoundFactorConstraintsTime": 47.0485, "meanBTRelativeChangeRootNode": 0, "NumberOfChangesFromConicToRLT": 0, "NumberOfBoundFactorConstraints": 5328, "PercentageOfOBBTSolvedProblems": 0, "NumberOfLAPACKConvergenceFailures": 0, "PercentageOfBindingSDPConstraints": 0, "NumberOfRLTVariablesAfterLinearization": 1344}