{"Itbt": 0, "Pace": 16.8033, "Depth": 28, "Degree": 2, "RPSTime": 50.8059, "FBBTTime": 0, "OBBTTime": 0, "TotalTime": 600.069, "Iterations": 543, "LinearTime": 537.382, "LowerBound": -271.736, "TimeVector": [], "UpperBound": -132.743, "rootBTTime": 0, "LowerBounds": {}, "SolveResult": 402, "UpperBounds": {}, "MaxQueueSize": 543, "NumberOfSOCC": 0, "VisitedNodes": 1087, "NonLinearTime": 11.3329, "OptimalityGap": 138.993, "FBBTIterations": 0, "FirstLowerBound": -307.443, "InfeasibleNodes": 1, "IntNonLinearTime": 0, "LinearSolvingTime": 510.374, "LinearizationTime": 1.08937, "NumberOfVariables": 60, "CallsToLinearSolver": 1087, "DegreeReductionTime": 0, "FBBTPreparationTime": 0, "FirstNodeIterations": 2320, "NumberOfConstraints": 36, "FirstNodeSolvingTime": 0.441163, "LinearGenerationTime": 21.234, "MosekLicenseNotFound": 0, "GurobiLicenseNotFound": 0, "KnitroLicenseNotFound": 0, "SDPCutsGenerationTime": 0, "finishedBeforeReading": 0, "CallsToNonLinearSolver": 13, "NumberOfRLTSolvedNodes": 1087, "NumberOfSDPConstraints": 0, "NumberOfSDPSolvedNodes": 0, "NumberOfSOCPSolvedNodes": 0, "PercentageOfBindingSOCC": 0, "LinearPostProcessingTime": 1.95214, "CallsToNonLinearSolverInt": 0, "LinearSolvingTimeBySolver": 509.998, "NodesDiscardedByFathoming": 0, "NodesDiscardedByTolerance": 0, "finishedBeforeLinearizing": 0, "BoundFactorConstraintsTime": 38.763, "meanBTRelativeChangeRootNode": 0, "NumberOfChangesFromConicToRLT": 0, "NumberOfBoundFactorConstraints": 7260, "PercentageOfOBBTSolvedProblems": 0, "NumberOfLAPACKConvergenceFailures": 0, "PercentageOfBindingSDPConstraints": 0, "NumberOfRLTVariablesAfterLinearization": 1830}