{"Itbt": 0, "Pace": 41.3371, "Depth": 79, "Degree": 2, "RPSTime": 72.794, "FBBTTime": 0, "OBBTTime": 0, "TotalTime": 600.023, "Iterations": 1435, "LinearTime": 523.011, "LowerBound": -82.5249, "TimeVector": [], "UpperBound": -72.3766, "rootBTTime": 0, "LowerBounds": {}, "SolveResult": 402, "UpperBounds": {}, "MaxQueueSize": 882, "NumberOfSOCC": 0, "VisitedNodes": 2871, "NonLinearTime": 3.93926, "OptimalityGap": 10.1483, "FBBTIterations": 0, "FirstLowerBound": -97.0387, "InfeasibleNodes": 2, "IntNonLinearTime": 0, "LinearSolvingTime": 476.914, "LinearizationTime": 0.534219, "NumberOfVariables": 50, "CallsToLinearSolver": 2871, "DegreeReductionTime": 0, "FBBTPreparationTime": 0, "FirstNodeIterations": 1446, "NumberOfConstraints": 55, "FirstNodeSolvingTime": 0.148445, "LinearGenerationTime": 38.155, "MosekLicenseNotFound": 0, "GurobiLicenseNotFound": 0, "KnitroLicenseNotFound": 0, "SDPCutsGenerationTime": 0, "finishedBeforeReading": 0, "CallsToNonLinearSolver": 14, "NumberOfRLTSolvedNodes": 2871, "NumberOfSDPConstraints": 0, "NumberOfSDPSolvedNodes": 0, "NumberOfSOCPSolvedNodes": 0, "PercentageOfBindingSOCC": 0, "LinearPostProcessingTime": 2.87781, "CallsToNonLinearSolverInt": 0, "LinearSolvingTimeBySolver": 476.219, "NodesDiscardedByFathoming": 0, "NodesDiscardedByTolerance": 553, "finishedBeforeLinearizing": 0, "BoundFactorConstraintsTime": 54.8525, "meanBTRelativeChangeRootNode": 0, "NumberOfChangesFromConicToRLT": 0, "NumberOfBoundFactorConstraints": 5050, "PercentageOfOBBTSolvedProblems": 0, "NumberOfLAPACKConvergenceFailures": 0, "PercentageOfBindingSDPConstraints": 0, "NumberOfRLTVariablesAfterLinearization": 1275}