{"Itbt": 0, "Pace": 124.142, "Depth": 15, "Degree": 2, "RPSTime": 50.9422, "FBBTTime": 0, "OBBTTime": 0, "TotalTime": 600.062, "Iterations": 709, "LinearTime": 548.58, "LowerBound": -32.3733, "TimeVector": [], "UpperBound": -14.6263, "rootBTTime": 0, "LowerBounds": {}, "SolveResult": 402, "UpperBounds": {}, "MaxQueueSize": 709, "NumberOfSOCC": 0, "VisitedNodes": 1419, "NonLinearTime": 0.468822, "OptimalityGap": 17.747, "FBBTIterations": 0, "FirstLowerBound": -37.2054, "InfeasibleNodes": 1, "IntNonLinearTime": 0, "LinearSolvingTime": 526.429, "LinearizationTime": 1.07674, "NumberOfVariables": 60, "CallsToLinearSolver": 1419, "DegreeReductionTime": 0, "FBBTPreparationTime": 0, "FirstNodeIterations": 3051, "NumberOfConstraints": 7, "FirstNodeSolvingTime": 0.428619, "LinearGenerationTime": 15.1815, "MosekLicenseNotFound": 0, "GurobiLicenseNotFound": 0, "KnitroLicenseNotFound": 0, "SDPCutsGenerationTime": 0, "finishedBeforeReading": 0, "CallsToNonLinearSolver": 13, "NumberOfRLTSolvedNodes": 1419, "NumberOfSDPConstraints": 0, "NumberOfSDPSolvedNodes": 0, "NumberOfSOCPSolvedNodes": 0, "PercentageOfBindingSOCC": 0, "LinearPostProcessingTime": 2.38476, "CallsToNonLinearSolverInt": 0, "LinearSolvingTimeBySolver": 526.016, "NodesDiscardedByFathoming": 0, "NodesDiscardedByTolerance": 0, "finishedBeforeLinearizing": 0, "BoundFactorConstraintsTime": 45.1482, "meanBTRelativeChangeRootNode": 0, "NumberOfChangesFromConicToRLT": 0, "NumberOfBoundFactorConstraints": 7240, "PercentageOfOBBTSolvedProblems": 0, "NumberOfLAPACKConvergenceFailures": 0, "PercentageOfBindingSDPConstraints": 0, "NumberOfRLTVariablesAfterLinearization": 1825}