{"Itbt": 0, "Pace": 21.2171, "Depth": 103, "Degree": 2, "RPSTime": 100.485, "FBBTTime": 0, "OBBTTime": 0, "TotalTime": 600.046, "Iterations": 5852, "LinearTime": 493.236, "LowerBound": -127.469, "TimeVector": [], "UpperBound": -78.6716, "rootBTTime": 0, "LowerBounds": {}, "SolveResult": 402, "UpperBounds": {}, "MaxQueueSize": 5853, "NumberOfSOCC": 0, "VisitedNodes": 11705, "NonLinearTime": 6.09118, "OptimalityGap": 48.7979, "FBBTIterations": 0, "FirstLowerBound": -155.747, "InfeasibleNodes": 0, "IntNonLinearTime": 0, "LinearSolvingTime": 385.308, "LinearizationTime": 0.127837, "NumberOfVariables": 50, "CallsToLinearSolver": 11705, "DegreeReductionTime": 0, "FBBTPreparationTime": 0, "FirstNodeIterations": 593, "NumberOfConstraints": 50, "FirstNodeSolvingTime": 0.0605893, "LinearGenerationTime": 94.0207, "MosekLicenseNotFound": 0, "GurobiLicenseNotFound": 0, "KnitroLicenseNotFound": 0, "SDPCutsGenerationTime": 0, "finishedBeforeReading": 0, "CallsToNonLinearSolver": 16, "NumberOfRLTSolvedNodes": 11705, "NumberOfSDPConstraints": 0, "NumberOfSDPSolvedNodes": 0, "NumberOfSOCPSolvedNodes": 0, "PercentageOfBindingSOCC": 0, "LinearPostProcessingTime": 6.14379, "CallsToNonLinearSolverInt": 0, "LinearSolvingTimeBySolver": 383.031, "NodesDiscardedByFathoming": 0, "NodesDiscardedByTolerance": 0, "finishedBeforeLinearizing": 0, "BoundFactorConstraintsTime": 54.706, "meanBTRelativeChangeRootNode": 0, "NumberOfChangesFromConicToRLT": 0, "NumberOfBoundFactorConstraints": 2500, "PercentageOfOBBTSolvedProblems": 0, "NumberOfLAPACKConvergenceFailures": 0, "PercentageOfBindingSDPConstraints": 0, "NumberOfRLTVariablesAfterLinearization": 625}