{"Itbt": 0, "Pace": 39.0617, "Depth": 123, "Degree": 2, "RPSTime": 114.378, "FBBTTime": 0, "OBBTTime": 0, "TotalTime": 600.025, "Iterations": 8422, "LinearTime": 482.605, "LowerBound": -60.1957, "TimeVector": [], "UpperBound": -51.4782, "rootBTTime": 0, "LowerBounds": {}, "SolveResult": 402, "UpperBounds": {}, "MaxQueueSize": 6869, "NumberOfSOCC": 0, "VisitedNodes": 16845, "NonLinearTime": 2.8868, "OptimalityGap": 8.71752, "FBBTIterations": 0, "FirstLowerBound": -75.555, "InfeasibleNodes": 0, "IntNonLinearTime": 0, "LinearSolvingTime": 366.079, "LinearizationTime": 0.106789, "NumberOfVariables": 48, "CallsToLinearSolver": 16845, "DegreeReductionTime": 0, "FBBTPreparationTime": 0, "FirstNodeIterations": 504, "NumberOfConstraints": 48, "FirstNodeSolvingTime": 0.0268804, "LinearGenerationTime": 98.6643, "MosekLicenseNotFound": 0, "GurobiLicenseNotFound": 0, "KnitroLicenseNotFound": 0, "SDPCutsGenerationTime": 0, "finishedBeforeReading": 0, "CallsToNonLinearSolver": 17, "NumberOfRLTSolvedNodes": 16845, "NumberOfSDPConstraints": 0, "NumberOfSDPSolvedNodes": 0, "NumberOfSOCPSolvedNodes": 0, "PercentageOfBindingSOCC": 0, "LinearPostProcessingTime": 7.71448, "CallsToNonLinearSolverInt": 0, "LinearSolvingTimeBySolver": 362.794, "NodesDiscardedByFathoming": 0, "NodesDiscardedByTolerance": 1554, "finishedBeforeLinearizing": 0, "BoundFactorConstraintsTime": 72.1442, "meanBTRelativeChangeRootNode": 0, "NumberOfChangesFromConicToRLT": 0, "NumberOfBoundFactorConstraints": 2304, "PercentageOfOBBTSolvedProblems": 0, "NumberOfLAPACKConvergenceFailures": 0, "PercentageOfBindingSDPConstraints": 0, "NumberOfRLTVariablesAfterLinearization": 576}