{"Itbt": 0, "Pace": 24.4377, "Depth": 115, "Degree": 2, "RPSTime": 119.631, "FBBTTime": 0, "OBBTTime": 0, "TotalTime": 600.029, "Iterations": 14613, "LinearTime": 477.374, "LowerBound": -72.5487, "TimeVector": [], "UpperBound": -55.7089, "rootBTTime": 0, "LowerBounds": {}, "SolveResult": 402, "UpperBounds": {}, "MaxQueueSize": 14541, "NumberOfSOCC": 0, "VisitedNodes": 29227, "NonLinearTime": 2.88709, "OptimalityGap": 16.8399, "FBBTIterations": 0, "FirstLowerBound": -97.1, "InfeasibleNodes": 0, "IntNonLinearTime": 0, "LinearSolvingTime": 326.4, "LinearizationTime": 0.0514266, "NumberOfVariables": 40, "CallsToLinearSolver": 29227, "DegreeReductionTime": 0, "FBBTPreparationTime": 0, "FirstNodeIterations": 322, "NumberOfConstraints": 40, "FirstNodeSolvingTime": 0.0194132, "LinearGenerationTime": 132.578, "MosekLicenseNotFound": 0, "GurobiLicenseNotFound": 0, "KnitroLicenseNotFound": 0, "SDPCutsGenerationTime": 0, "finishedBeforeReading": 0, "CallsToNonLinearSolver": 17, "NumberOfRLTSolvedNodes": 29227, "NumberOfSDPConstraints": 0, "NumberOfSDPSolvedNodes": 0, "NumberOfSOCPSolvedNodes": 0, "PercentageOfBindingSOCC": 0, "LinearPostProcessingTime": 9.50592, "CallsToNonLinearSolverInt": 0, "LinearSolvingTimeBySolver": 321.279, "NodesDiscardedByFathoming": 0, "NodesDiscardedByTolerance": 73, "finishedBeforeLinearizing": 0, "BoundFactorConstraintsTime": 69.0418, "meanBTRelativeChangeRootNode": 0, "NumberOfChangesFromConicToRLT": 0, "NumberOfBoundFactorConstraints": 1600, "PercentageOfOBBTSolvedProblems": 0, "NumberOfLAPACKConvergenceFailures": 0, "PercentageOfBindingSDPConstraints": 0, "NumberOfRLTVariablesAfterLinearization": 400}