{"Itbt": 0, "Pace": 42.6937, "Depth": 98, "Degree": 2, "RPSTime": 114.586, "FBBTTime": 0, "OBBTTime": 0, "TotalTime": 600.043, "Iterations": 7136, "LinearTime": 480.096, "LowerBound": -48.1274, "TimeVector": [], "UpperBound": -38.3101, "rootBTTime": 0, "LowerBounds": {}, "SolveResult": 402, "UpperBounds": {}, "MaxQueueSize": 5378, "NumberOfSOCC": 0, "VisitedNodes": 14273, "NonLinearTime": 5.12142, "OptimalityGap": 9.81729, "FBBTIterations": 0, "FirstLowerBound": -62.18, "InfeasibleNodes": 0, "IntNonLinearTime": 0, "LinearSolvingTime": 339.527, "LinearizationTime": 0.110172, "NumberOfVariables": 48, "CallsToLinearSolver": 14273, "DegreeReductionTime": 0, "FBBTPreparationTime": 0, "FirstNodeIterations": 401, "NumberOfConstraints": 96, "FirstNodeSolvingTime": 0.0463952, "LinearGenerationTime": 124.755, "MosekLicenseNotFound": 0, "GurobiLicenseNotFound": 0, "KnitroLicenseNotFound": 0, "SDPCutsGenerationTime": 0, "finishedBeforeReading": 0, "CallsToNonLinearSolver": 16, "NumberOfRLTSolvedNodes": 14273, "NumberOfSDPConstraints": 0, "NumberOfSDPSolvedNodes": 0, "NumberOfSOCPSolvedNodes": 0, "PercentageOfBindingSOCC": 0, "LinearPostProcessingTime": 6.73329, "CallsToNonLinearSolverInt": 0, "LinearSolvingTimeBySolver": 336.763, "NodesDiscardedByFathoming": 0, "NodesDiscardedByTolerance": 1759, "finishedBeforeLinearizing": 0, "BoundFactorConstraintsTime": 61.4338, "meanBTRelativeChangeRootNode": 0, "NumberOfChangesFromConicToRLT": 0, "NumberOfBoundFactorConstraints": 2304, "PercentageOfOBBTSolvedProblems": 0, "NumberOfLAPACKConvergenceFailures": 0, "PercentageOfBindingSDPConstraints": 0, "NumberOfRLTVariablesAfterLinearization": 576}