{"Itbt": 0, "Pace": 12.1658, "Depth": 29, "Degree": 2, "RPSTime": 112.045, "FBBTTime": 0, "OBBTTime": 0, "TotalTime": 599.994, "Iterations": 1749, "LinearTime": 458.692, "LowerBound": -256.086, "TimeVector": [], "UpperBound": -107.373, "rootBTTime": 0, "LowerBounds": {}, "SolveResult": 402, "UpperBounds": {}, "MaxQueueSize": 1749, "NumberOfSOCC": 0, "VisitedNodes": 3499, "NonLinearTime": 28.5861, "OptimalityGap": 148.713, "FBBTIterations": 0, "FirstLowerBound": -305.403, "InfeasibleNodes": 2, "IntNonLinearTime": 0, "LinearSolvingTime": 369.035, "LinearizationTime": 0.528334, "NumberOfVariables": 50, "CallsToLinearSolver": 3499, "DegreeReductionTime": 0, "FBBTPreparationTime": 0, "FirstNodeIterations": 1065, "NumberOfConstraints": 75, "FirstNodeSolvingTime": 0.144737, "LinearGenerationTime": 77.5022, "MosekLicenseNotFound": 0, "GurobiLicenseNotFound": 0, "KnitroLicenseNotFound": 0, "SDPCutsGenerationTime": 0, "finishedBeforeReading": 0, "CallsToNonLinearSolver": 14, "NumberOfRLTSolvedNodes": 3499, "NumberOfSDPConstraints": 0, "NumberOfSDPSolvedNodes": 0, "NumberOfSOCPSolvedNodes": 0, "PercentageOfBindingSOCC": 0, "LinearPostProcessingTime": 4.4243, "CallsToNonLinearSolverInt": 0, "LinearSolvingTimeBySolver": 368.04, "NodesDiscardedByFathoming": 0, "NodesDiscardedByTolerance": 0, "finishedBeforeLinearizing": 0, "BoundFactorConstraintsTime": 67.4236, "meanBTRelativeChangeRootNode": 0, "NumberOfChangesFromConicToRLT": 0, "NumberOfBoundFactorConstraints": 5050, "PercentageOfOBBTSolvedProblems": 0, "NumberOfLAPACKConvergenceFailures": 0, "PercentageOfBindingSDPConstraints": 0, "NumberOfRLTVariablesAfterLinearization": 1275}