{"Itbt": 0, "Pace": 600000, "Depth": 17, "Degree": 2, "RPSTime": 160.133, "FBBTTime": 0, "OBBTTime": 0, "TotalTime": 600.014, "Iterations": 70437, "LinearTime": 436.044, "LowerBound": -10, "TimeVector": [], "UpperBound": -3.25612, "rootBTTime": 0, "LowerBounds": {}, "SolveResult": 402, "UpperBounds": {}, "MaxQueueSize": 67758, "NumberOfSOCC": 0, "VisitedNodes": 140875, "NonLinearTime": 3.79844, "OptimalityGap": 6.74388, "FBBTIterations": 0, "FirstLowerBound": -10, "InfeasibleNodes": 2539, "IntNonLinearTime": 0, "LinearSolvingTime": 196.466, "LinearizationTime": 0.0174987, "NumberOfVariables": 125, "CallsToLinearSolver": 140875, "DegreeReductionTime": 0, "FBBTPreparationTime": 0, "FirstNodeIterations": 32, "NumberOfConstraints": 92, "FirstNodeSolvingTime": 0.00617818, "LinearGenerationTime": 189.898, "MosekLicenseNotFound": 0, "GurobiLicenseNotFound": 0, "KnitroLicenseNotFound": 0, "SDPCutsGenerationTime": 0, "finishedBeforeReading": 0, "CallsToNonLinearSolver": 20, "NumberOfRLTSolvedNodes": 140875, "NumberOfSDPConstraints": 0, "NumberOfSDPSolvedNodes": 0, "NumberOfSOCPSolvedNodes": 0, "PercentageOfBindingSOCC": 0, "LinearPostProcessingTime": 24.6928, "CallsToNonLinearSolverInt": 0, "LinearSolvingTimeBySolver": 184.931, "NodesDiscardedByFathoming": 0, "NodesDiscardedByTolerance": 141, "finishedBeforeLinearizing": 0, "BoundFactorConstraintsTime": 93.5219, "meanBTRelativeChangeRootNode": 0, "NumberOfChangesFromConicToRLT": 0, "NumberOfBoundFactorConstraints": 926, "PercentageOfOBBTSolvedProblems": 0, "NumberOfLAPACKConvergenceFailures": 0, "PercentageOfBindingSDPConstraints": 0, "NumberOfRLTVariablesAfterLinearization": 234}