{"Itbt": 0, "Pace": 13.8227, "Depth": 56, "Degree": 2, "RPSTime": 118.72, "FBBTTime": 0, "OBBTTime": 0, "TotalTime": 600.018, "Iterations": 50675, "LinearTime": 479.332, "LowerBound": 128.666, "TimeVector": [], "UpperBound": 323.682, "rootBTTime": 0, "LowerBounds": {}, "SolveResult": 402, "UpperBounds": {}, "MaxQueueSize": 15442, "NumberOfSOCC": 0, "VisitedNodes": 101351, "NonLinearTime": 1.9164, "OptimalityGap": 195.015, "FBBTIterations": 0, "FirstLowerBound": 85.2604, "InfeasibleNodes": 35234, "IntNonLinearTime": 0, "LinearSolvingTime": 312.453, "LinearizationTime": 0.0152466, "NumberOfVariables": 143, "CallsToLinearSolver": 101351, "DegreeReductionTime": 0, "FBBTPreparationTime": 0, "FirstNodeIterations": 205, "NumberOfConstraints": 80, "FirstNodeSolvingTime": 0.00877992, "LinearGenerationTime": 136.885, "MosekLicenseNotFound": 0, "GurobiLicenseNotFound": 0, "KnitroLicenseNotFound": 0, "SDPCutsGenerationTime": 0, "finishedBeforeReading": 0, "CallsToNonLinearSolver": 19, "NumberOfRLTSolvedNodes": 101351, "NumberOfSDPConstraints": 0, "NumberOfSDPSolvedNodes": 0, "NumberOfSOCPSolvedNodes": 0, "PercentageOfBindingSOCC": 0, "LinearPostProcessingTime": 12.0195, "CallsToNonLinearSolverInt": 0, "LinearSolvingTimeBySolver": 302.516, "NodesDiscardedByFathoming": 0, "NodesDiscardedByTolerance": 0, "finishedBeforeLinearizing": 0, "BoundFactorConstraintsTime": 66.2597, "meanBTRelativeChangeRootNode": 0, "NumberOfChangesFromConicToRLT": 0, "NumberOfBoundFactorConstraints": 864, "PercentageOfOBBTSolvedProblems": 0, "NumberOfLAPACKConvergenceFailures": 0, "PercentageOfBindingSDPConstraints": 0, "NumberOfRLTVariablesAfterLinearization": 216}