{"Itbt": 0, "Pace": 9.16493, "Depth": 40, "Degree": 2, "RPSTime": 133.257, "FBBTTime": 0, "OBBTTime": 0, "TotalTime": 600.029, "Iterations": 2151, "LinearTime": 388.122, "LowerBound": 65.4659, "TimeVector": [], "UpperBound": 1812.17, "rootBTTime": 0, "LowerBounds": {}, "SolveResult": 402, "UpperBounds": {}, "MaxQueueSize": 1408, "NumberOfSOCC": 0, "VisitedNodes": 4303, "NonLinearTime": 78.4503, "OptimalityGap": 1746.7, "FBBTIterations": 0, "FirstLowerBound": 0, "InfeasibleNodes": 744, "IntNonLinearTime": 0, "LinearSolvingTime": 295.616, "LinearizationTime": 2.36801, "NumberOfVariables": 760, "CallsToLinearSolver": 4303, "DegreeReductionTime": 0, "FBBTPreparationTime": 0, "FirstNodeIterations": 270, "NumberOfConstraints": 280, "FirstNodeSolvingTime": 0.0460996, "LinearGenerationTime": 68.7008, "MosekLicenseNotFound": 0, "GurobiLicenseNotFound": 0, "KnitroLicenseNotFound": 0, "SDPCutsGenerationTime": 0, "finishedBeforeReading": 0, "CallsToNonLinearSolver": 15, "NumberOfRLTSolvedNodes": 4303, "NumberOfSDPConstraints": 0, "NumberOfSDPSolvedNodes": 0, "NumberOfSOCPSolvedNodes": 0, "PercentageOfBindingSOCC": 0, "LinearPostProcessingTime": 7.22969, "CallsToNonLinearSolverInt": 0, "LinearSolvingTimeBySolver": 294.002, "NodesDiscardedByFathoming": 0, "NodesDiscardedByTolerance": 0, "finishedBeforeLinearizing": 0, "BoundFactorConstraintsTime": 98.3851, "meanBTRelativeChangeRootNode": 0, "NumberOfChangesFromConicToRLT": 0, "NumberOfBoundFactorConstraints": 10560, "PercentageOfOBBTSolvedProblems": 0, "NumberOfLAPACKConvergenceFailures": 0, "PercentageOfBindingSDPConstraints": 0, "NumberOfRLTVariablesAfterLinearization": 2640}