{"Itbt": 0, "Pace": 599691, "Depth": 60, "Degree": 2, "RPSTime": 47.9183, "FBBTTime": 0, "OBBTTime": 0, "TotalTime": 600.052, "Iterations": 6505, "LinearTime": 227.471, "LowerBound": 1017.2, "TimeVector": [], "UpperBound": 1564.96, "rootBTTime": 0, "LowerBounds": {}, "SolveResult": 402, "UpperBounds": {}, "MaxQueueSize": 5013, "NumberOfSOCC": 0, "VisitedNodes": 13011, "NonLinearTime": 324.501, "OptimalityGap": 547.758, "FBBTIterations": 0, "FirstLowerBound": 1017.2, "InfeasibleNodes": 552, "IntNonLinearTime": 0, "LinearSolvingTime": 162.488, "LinearizationTime": 0.101133, "NumberOfVariables": 1039, "CallsToLinearSolver": 13011, "DegreeReductionTime": 0, "FBBTPreparationTime": 0, "FirstNodeIterations": 308, "NumberOfConstraints": 782, "FirstNodeSolvingTime": 0.0326063, "LinearGenerationTime": 49.9329, "MosekLicenseNotFound": 0, "GurobiLicenseNotFound": 0, "KnitroLicenseNotFound": 0, "SDPCutsGenerationTime": 0, "finishedBeforeReading": 0, "CallsToNonLinearSolver": 16, "NumberOfRLTSolvedNodes": 13011, "NumberOfSDPConstraints": 0, "NumberOfSDPSolvedNodes": 0, "NumberOfSOCPSolvedNodes": 0, "PercentageOfBindingSOCC": 0, "LinearPostProcessingTime": 8.71487, "CallsToNonLinearSolverInt": 0, "LinearSolvingTimeBySolver": 159.929, "NodesDiscardedByFathoming": 0, "NodesDiscardedByTolerance": 941, "finishedBeforeLinearizing": 0, "BoundFactorConstraintsTime": 25.5691, "meanBTRelativeChangeRootNode": 0, "NumberOfChangesFromConicToRLT": 0, "NumberOfBoundFactorConstraints": 1920, "PercentageOfOBBTSolvedProblems": 0, "NumberOfLAPACKConvergenceFailures": 0, "PercentageOfBindingSDPConstraints": 0, "NumberOfRLTVariablesAfterLinearization": 480}