{"Itbt": 0, "Pace": 600000, "Depth": 12, "Degree": 2, "RPSTime": 32.3916, "FBBTTime": 0, "OBBTTime": 0, "TotalTime": 601.59, "Iterations": 2048, "LinearTime": 96.7024, "LowerBound": 0, "TimeVector": [], "UpperBound": 3.92039, "rootBTTime": 0, "LowerBounds": {}, "SolveResult": 402, "UpperBounds": {}, "MaxQueueSize": 1963, "NumberOfSOCC": 0, "VisitedNodes": 4097, "NonLinearTime": 472.248, "OptimalityGap": 3.92039, "FBBTIterations": 0, "FirstLowerBound": 0, "InfeasibleNodes": 86, "IntNonLinearTime": 0, "LinearSolvingTime": 60.7413, "LinearizationTime": 0.350134, "NumberOfVariables": 1110, "CallsToLinearSolver": 4097, "DegreeReductionTime": 0, "FBBTPreparationTime": 0, "FirstNodeIterations": 1090, "NumberOfConstraints": 1132, "FirstNodeSolvingTime": 0.0639176, "LinearGenerationTime": 27.1274, "MosekLicenseNotFound": 0, "GurobiLicenseNotFound": 0, "KnitroLicenseNotFound": 0, "SDPCutsGenerationTime": 0, "finishedBeforeReading": 0, "CallsToNonLinearSolver": 15, "NumberOfRLTSolvedNodes": 4097, "NumberOfSDPConstraints": 0, "NumberOfSDPSolvedNodes": 0, "NumberOfSOCPSolvedNodes": 0, "PercentageOfBindingSOCC": 0, "LinearPostProcessingTime": 4.45701, "CallsToNonLinearSolverInt": 0, "LinearSolvingTimeBySolver": 59.6302, "NodesDiscardedByFathoming": 0, "NodesDiscardedByTolerance": 0, "finishedBeforeLinearizing": 0, "BoundFactorConstraintsTime": 19.9027, "meanBTRelativeChangeRootNode": 0, "NumberOfChangesFromConicToRLT": 0, "NumberOfBoundFactorConstraints": 3670, "PercentageOfOBBTSolvedProblems": 0, "NumberOfLAPACKConvergenceFailures": 0, "PercentageOfBindingSDPConstraints": 0, "NumberOfRLTVariablesAfterLinearization": 931}