{"Itbt": 0, "Pace": 600000, "Depth": 17, "Degree": 2, "RPSTime": 110.974, "FBBTTime": 0, "OBBTTime": 0, "TotalTime": 600.014, "Iterations": 65436, "LinearTime": 486.251, "LowerBound": 0, "TimeVector": [], "UpperBound": 9.64803, "rootBTTime": 0, "LowerBounds": {}, "SolveResult": 402, "UpperBounds": {}, "MaxQueueSize": 34779, "NumberOfSOCC": 0, "VisitedNodes": 130873, "NonLinearTime": 2.74569, "OptimalityGap": 9.64803, "FBBTIterations": 0, "FirstLowerBound": 0, "InfeasibleNodes": 30653, "IntNonLinearTime": 0, "LinearSolvingTime": 298.995, "LinearizationTime": 0.0102471, "NumberOfVariables": 184, "CallsToLinearSolver": 130873, "DegreeReductionTime": 0, "FBBTPreparationTime": 0, "FirstNodeIterations": 183, "NumberOfConstraints": 190, "FirstNodeSolvingTime": 0.00768364, "LinearGenerationTime": 151.484, "MosekLicenseNotFound": 0, "GurobiLicenseNotFound": 0, "KnitroLicenseNotFound": 0, "SDPCutsGenerationTime": 0, "finishedBeforeReading": 0, "CallsToNonLinearSolver": 21, "NumberOfRLTSolvedNodes": 130873, "NumberOfSDPConstraints": 0, "NumberOfSDPSolvedNodes": 0, "NumberOfSOCPSolvedNodes": 0, "PercentageOfBindingSOCC": 0, "LinearPostProcessingTime": 17.1356, "CallsToNonLinearSolverInt": 0, "LinearSolvingTimeBySolver": 287.576, "NodesDiscardedByFathoming": 0, "NodesDiscardedByTolerance": 5, "finishedBeforeLinearizing": 0, "BoundFactorConstraintsTime": 58.1048, "meanBTRelativeChangeRootNode": 0, "NumberOfChangesFromConicToRLT": 0, "NumberOfBoundFactorConstraints": 648, "PercentageOfOBBTSolvedProblems": 0, "NumberOfLAPACKConvergenceFailures": 0, "PercentageOfBindingSDPConstraints": 0, "NumberOfRLTVariablesAfterLinearization": 169}