{"Itbt": 0, "Pace": 595206, "Depth": 14, "Degree": 2, "RPSTime": 112.071, "FBBTTime": 0, "OBBTTime": 0, "TotalTime": 595.206, "Iterations": 10408, "LinearTime": 435.549, "LowerBound": 0, "TimeVector": [], "UpperBound": 4.14218, "rootBTTime": 0, "LowerBounds": {}, "SolveResult": 402, "UpperBounds": {}, "MaxQueueSize": 7721, "NumberOfSOCC": 0, "VisitedNodes": 20817, "NonLinearTime": 47.4334, "OptimalityGap": 4.14218, "FBBTIterations": 0, "FirstLowerBound": 0, "InfeasibleNodes": 2688, "IntNonLinearTime": 0, "LinearSolvingTime": 312.197, "LinearizationTime": 0.17097, "NumberOfVariables": 791, "CallsToLinearSolver": 20817, "DegreeReductionTime": 0, "FBBTPreparationTime": 0, "FirstNodeIterations": 781, "NumberOfConstraints": 814, "FirstNodeSolvingTime": 0.0411764, "LinearGenerationTime": 95.8099, "MosekLicenseNotFound": 0, "GurobiLicenseNotFound": 0, "KnitroLicenseNotFound": 0, "SDPCutsGenerationTime": 0, "finishedBeforeReading": 0, "CallsToNonLinearSolver": 17, "NumberOfRLTSolvedNodes": 20817, "NumberOfSDPConstraints": 0, "NumberOfSDPSolvedNodes": 0, "NumberOfSOCPSolvedNodes": 0, "PercentageOfBindingSOCC": 0, "LinearPostProcessingTime": 13.6138, "CallsToNonLinearSolverInt": 0, "LinearSolvingTimeBySolver": 307.54, "NodesDiscardedByFathoming": 0, "NodesDiscardedByTolerance": 0, "finishedBeforeLinearizing": 0, "BoundFactorConstraintsTime": 67.1346, "meanBTRelativeChangeRootNode": 0, "NumberOfChangesFromConicToRLT": 0, "NumberOfBoundFactorConstraints": 2564, "PercentageOfOBBTSolvedProblems": 0, "NumberOfLAPACKConvergenceFailures": 0, "PercentageOfBindingSDPConstraints": 0, "NumberOfRLTVariablesAfterLinearization": 651}