{"Itbt": 0, "Pace": 599994, "Depth": 50, "Degree": 2, "RPSTime": 126.393, "FBBTTime": 0, "OBBTTime": 0, "TotalTime": 599.994, "Iterations": 109828, "LinearTime": 471.075, "LowerBound": 648, "TimeVector": [], "UpperBound": 1201.04, "rootBTTime": 0, "LowerBounds": {}, "SolveResult": 402, "UpperBounds": {}, "MaxQueueSize": 61290, "NumberOfSOCC": 0, "VisitedNodes": 219657, "NonLinearTime": 2.49516, "OptimalityGap": 553.038, "FBBTIterations": 0, "FirstLowerBound": 648, "InfeasibleNodes": 27553, "IntNonLinearTime": 0, "LinearSolvingTime": 250.848, "LinearizationTime": 0.00462362, "NumberOfVariables": 196, "CallsToLinearSolver": 219657, "DegreeReductionTime": 0, "FBBTPreparationTime": 0, "FirstNodeIterations": 88, "NumberOfConstraints": 47, "FirstNodeSolvingTime": 0.00642467, "LinearGenerationTime": 173.769, "MosekLicenseNotFound": 0, "GurobiLicenseNotFound": 0, "KnitroLicenseNotFound": 0, "SDPCutsGenerationTime": 0, "finishedBeforeReading": 0, "CallsToNonLinearSolver": 20, "NumberOfRLTSolvedNodes": 219657, "NumberOfSDPConstraints": 0, "NumberOfSDPSolvedNodes": 0, "NumberOfSOCPSolvedNodes": 0, "PercentageOfBindingSOCC": 0, "LinearPostProcessingTime": 22.4918, "CallsToNonLinearSolverInt": 0, "LinearSolvingTimeBySolver": 236.32, "NodesDiscardedByFathoming": 0, "NodesDiscardedByTolerance": 20986, "finishedBeforeLinearizing": 0, "BoundFactorConstraintsTime": 52.2156, "meanBTRelativeChangeRootNode": 0, "NumberOfChangesFromConicToRLT": 0, "NumberOfBoundFactorConstraints": 480, "PercentageOfOBBTSolvedProblems": 0, "NumberOfLAPACKConvergenceFailures": 0, "PercentageOfBindingSDPConstraints": 0, "NumberOfRLTVariablesAfterLinearization": 120}