{"Itbt": 0, "Pace": 600000, "Depth": 88, "Degree": 2, "RPSTime": 511.275, "FBBTTime": 0, "OBBTTime": 0, "TotalTime": 602.036, "Iterations": 125, "LinearTime": 87.2898, "LowerBound": 0, "TimeVector": [], "UpperBound": 0.0625231, "rootBTTime": 0, "LowerBounds": {}, "SolveResult": 402, "UpperBounds": {}, "MaxQueueSize": 76, "NumberOfSOCC": 0, "VisitedNodes": 251, "NonLinearTime": 3.12252, "OptimalityGap": 0.0625231, "FBBTIterations": 0, "FirstLowerBound": 0, "InfeasibleNodes": 4, "IntNonLinearTime": 0, "LinearSolvingTime": 21.4381, "LinearizationTime": 223.388, "NumberOfVariables": 200, "CallsToLinearSolver": 251, "DegreeReductionTime": 0, "FBBTPreparationTime": 0, "FirstNodeIterations": 1, "NumberOfConstraints": 1, "FirstNodeSolvingTime": 0.284477, "LinearGenerationTime": 31.977, "MosekLicenseNotFound": 0, "GurobiLicenseNotFound": 0, "KnitroLicenseNotFound": 0, "SDPCutsGenerationTime": 0, "finishedBeforeReading": 0, "CallsToNonLinearSolver": 10, "NumberOfRLTSolvedNodes": 251, "NumberOfSDPConstraints": 0, "NumberOfSDPSolvedNodes": 0, "NumberOfSOCPSolvedNodes": 0, "PercentageOfBindingSOCC": 0, "LinearPostProcessingTime": 25.7367, "CallsToNonLinearSolverInt": 0, "LinearSolvingTimeBySolver": 18.4123, "NodesDiscardedByFathoming": 0, "NodesDiscardedByTolerance": 46, "finishedBeforeLinearizing": 0, "BoundFactorConstraintsTime": 281.914, "meanBTRelativeChangeRootNode": 0, "NumberOfChangesFromConicToRLT": 0, "NumberOfBoundFactorConstraints": 80200, "PercentageOfOBBTSolvedProblems": 0, "NumberOfLAPACKConvergenceFailures": 0, "PercentageOfBindingSDPConstraints": 0, "NumberOfRLTVariablesAfterLinearization": 20100}