{"Itbt": 0, "Pace": 2841.86, "Depth": 64, "Degree": 2, "RPSTime": 78.3273, "FBBTTime": 0, "OBBTTime": 0, "TotalTime": 599.94, "Iterations": 58127, "LinearTime": 471.404, "LowerBound": 1025.01, "TimeVector": [], "UpperBound": 2128.21, "rootBTTime": 0, "LowerBounds": {}, "SolveResult": 402, "UpperBounds": {}, "MaxQueueSize": 32765, "NumberOfSOCC": 0, "VisitedNodes": 116255, "NonLinearTime": 50.1673, "OptimalityGap": 1103.2, "FBBTIterations": 0, "FirstLowerBound": 1024.8, "InfeasibleNodes": 3372, "IntNonLinearTime": 0, "LinearSolvingTime": 324.091, "LinearizationTime": 0.00560826, "NumberOfVariables": 303, "CallsToLinearSolver": 116255, "DegreeReductionTime": 0, "FBBTPreparationTime": 0, "FirstNodeIterations": 134, "NumberOfConstraints": 251, "FirstNodeSolvingTime": 0.00801342, "LinearGenerationTime": 115.707, "MosekLicenseNotFound": 0, "GurobiLicenseNotFound": 0, "KnitroLicenseNotFound": 0, "SDPCutsGenerationTime": 0, "finishedBeforeReading": 0, "CallsToNonLinearSolver": 19, "NumberOfRLTSolvedNodes": 116255, "NumberOfSDPConstraints": 0, "NumberOfSDPSolvedNodes": 0, "NumberOfSOCPSolvedNodes": 0, "PercentageOfBindingSOCC": 0, "LinearPostProcessingTime": 19.4661, "CallsToNonLinearSolverInt": 0, "LinearSolvingTimeBySolver": 313.602, "NodesDiscardedByFathoming": 0, "NodesDiscardedByTolerance": 21991, "finishedBeforeLinearizing": 0, "BoundFactorConstraintsTime": 35.9596, "meanBTRelativeChangeRootNode": 0, "NumberOfChangesFromConicToRLT": 0, "NumberOfBoundFactorConstraints": 448, "PercentageOfOBBTSolvedProblems": 0, "NumberOfLAPACKConvergenceFailures": 0, "PercentageOfBindingSDPConstraints": 0, "NumberOfRLTVariablesAfterLinearization": 112}