{"Itbt": 0, "Pace": 6.32617, "Depth": 37, "Degree": 2, "RPSTime": 81.5415, "FBBTTime": 0, "OBBTTime": 0, "TotalTime": 600.021, "Iterations": 6123, "LinearTime": 511.668, "LowerBound": 185.979, "TimeVector": [], "UpperBound": 797.977, "rootBTTime": 0, "LowerBounds": {}, "SolveResult": 402, "UpperBounds": {}, "MaxQueueSize": 5323, "NumberOfSOCC": 0, "VisitedNodes": 12247, "NonLinearTime": 6.77752, "OptimalityGap": 611.998, "FBBTIterations": 0, "FirstLowerBound": 91.1356, "InfeasibleNodes": 801, "IntNonLinearTime": 0, "LinearSolvingTime": 434.427, "LinearizationTime": 0.233879, "NumberOfVariables": 334, "CallsToLinearSolver": 12247, "DegreeReductionTime": 0, "FBBTPreparationTime": 0, "FirstNodeIterations": 1021, "NumberOfConstraints": 156, "FirstNodeSolvingTime": 0.0538774, "LinearGenerationTime": 58.1237, "MosekLicenseNotFound": 0, "GurobiLicenseNotFound": 0, "KnitroLicenseNotFound": 0, "SDPCutsGenerationTime": 0, "finishedBeforeReading": 0, "CallsToNonLinearSolver": 16, "NumberOfRLTSolvedNodes": 12247, "NumberOfSDPConstraints": 0, "NumberOfSDPSolvedNodes": 0, "NumberOfSOCPSolvedNodes": 0, "PercentageOfBindingSOCC": 0, "LinearPostProcessingTime": 7.62472, "CallsToNonLinearSolverInt": 0, "LinearSolvingTimeBySolver": 431.754, "NodesDiscardedByFathoming": 0, "NodesDiscardedByTolerance": 0, "finishedBeforeLinearizing": 0, "BoundFactorConstraintsTime": 55.8142, "meanBTRelativeChangeRootNode": 0, "NumberOfChangesFromConicToRLT": 0, "NumberOfBoundFactorConstraints": 3360, "PercentageOfOBBTSolvedProblems": 0, "NumberOfLAPACKConvergenceFailures": 0, "PercentageOfBindingSDPConstraints": 0, "NumberOfRLTVariablesAfterLinearization": 840}