{"Itbt": 0, "Pace": 5.98037, "Depth": 28, "Degree": 2, "RPSTime": 136.813, "FBBTTime": 0, "OBBTTime": 0, "TotalTime": 599.999, "Iterations": 42240, "LinearTime": 461.63, "LowerBound": 192.88, "TimeVector": [], "UpperBound": 365.784, "rootBTTime": 0, "LowerBounds": {}, "SolveResult": 402, "UpperBounds": {}, "MaxQueueSize": 24174, "NumberOfSOCC": 0, "VisitedNodes": 84481, "NonLinearTime": 1.52691, "OptimalityGap": 172.904, "FBBTIterations": 0, "FirstLowerBound": 92.5531, "InfeasibleNodes": 18067, "IntNonLinearTime": 0, "LinearSolvingTime": 292.785, "LinearizationTime": 0.0238869, "NumberOfVariables": 156, "CallsToLinearSolver": 84481, "DegreeReductionTime": 0, "FBBTPreparationTime": 0, "FirstNodeIterations": 197, "NumberOfConstraints": 86, "FirstNodeSolvingTime": 0.00982847, "LinearGenerationTime": 135.362, "MosekLicenseNotFound": 0, "GurobiLicenseNotFound": 0, "KnitroLicenseNotFound": 0, "SDPCutsGenerationTime": 0, "finishedBeforeReading": 0, "CallsToNonLinearSolver": 19, "NumberOfRLTSolvedNodes": 84481, "NumberOfSDPConstraints": 0, "NumberOfSDPSolvedNodes": 0, "NumberOfSOCPSolvedNodes": 0, "PercentageOfBindingSOCC": 0, "LinearPostProcessingTime": 14.7527, "CallsToNonLinearSolverInt": 0, "LinearSolvingTimeBySolver": 284.166, "NodesDiscardedByFathoming": 0, "NodesDiscardedByTolerance": 0, "finishedBeforeLinearizing": 0, "BoundFactorConstraintsTime": 82.9719, "meanBTRelativeChangeRootNode": 0, "NumberOfChangesFromConicToRLT": 0, "NumberOfBoundFactorConstraints": 1080, "PercentageOfOBBTSolvedProblems": 0, "NumberOfLAPACKConvergenceFailures": 0, "PercentageOfBindingSDPConstraints": 0, "NumberOfRLTVariablesAfterLinearization": 270}