{"Itbt": 0, "Pace": 25.9513, "Depth": 10582, "Degree": 2, "RPSTime": 54.9347, "FBBTTime": 0, "OBBTTime": 0, "TotalTime": 599.964, "Iterations": 53433, "LinearTime": 494.343, "LowerBound": 360.772, "TimeVector": [], "UpperBound": 513.001, "rootBTTime": 0, "LowerBounds": {}, "SolveResult": 402, "UpperBounds": {}, "MaxQueueSize": 33639, "NumberOfSOCC": 0, "VisitedNodes": 106867, "NonLinearTime": 50.6501, "OptimalityGap": 152.229, "FBBTIterations": 0, "FirstLowerBound": 337.654, "InfeasibleNodes": 6977, "IntNonLinearTime": 0, "LinearSolvingTime": 387.414, "LinearizationTime": 0.00360811, "NumberOfVariables": 208, "CallsToLinearSolver": 106867, "DegreeReductionTime": 0, "FBBTPreparationTime": 0, "FirstNodeIterations": 92, "NumberOfConstraints": 204, "FirstNodeSolvingTime": 0.00626869, "LinearGenerationTime": 85.5935, "MosekLicenseNotFound": 0, "GurobiLicenseNotFound": 0, "KnitroLicenseNotFound": 0, "SDPCutsGenerationTime": 0, "finishedBeforeReading": 0, "CallsToNonLinearSolver": 19, "NumberOfRLTSolvedNodes": 106867, "NumberOfSDPConstraints": 0, "NumberOfSDPSolvedNodes": 0, "NumberOfSOCPSolvedNodes": 0, "PercentageOfBindingSOCC": 0, "LinearPostProcessingTime": 12.9183, "CallsToNonLinearSolverInt": 0, "LinearSolvingTimeBySolver": 377.98, "NodesDiscardedByFathoming": 0, "NodesDiscardedByTolerance": 12818, "finishedBeforeLinearizing": 0, "BoundFactorConstraintsTime": 26.0808, "meanBTRelativeChangeRootNode": 0, "NumberOfChangesFromConicToRLT": 0, "NumberOfBoundFactorConstraints": 360, "PercentageOfOBBTSolvedProblems": 0, "NumberOfLAPACKConvergenceFailures": 0, "PercentageOfBindingSDPConstraints": 0, "NumberOfRLTVariablesAfterLinearization": 90}