{"Itbt": 0, "Pace": 600000, "Depth": 417, "Degree": 2, "RPSTime": 213.226, "FBBTTime": 0, "OBBTTime": 0, "TotalTime": 600.038, "Iterations": 4725, "LinearTime": 321.873, "LowerBound": 0, "TimeVector": [], "UpperBound": 681.594, "rootBTTime": 0, "LowerBounds": {}, "SolveResult": 402, "UpperBounds": {}, "MaxQueueSize": 519, "NumberOfSOCC": 0, "VisitedNodes": 9451, "NonLinearTime": 64.7179, "OptimalityGap": 681.594, "FBBTIterations": 0, "FirstLowerBound": 0, "InfeasibleNodes": 4207, "IntNonLinearTime": 0, "LinearSolvingTime": 124.54, "LinearizationTime": 2.36966, "NumberOfVariables": 780, "CallsToLinearSolver": 9451, "DegreeReductionTime": 0, "FBBTPreparationTime": 0, "FirstNodeIterations": 257, "NumberOfConstraints": 280, "FirstNodeSolvingTime": 0.0473415, "LinearGenerationTime": 148.549, "MosekLicenseNotFound": 0, "GurobiLicenseNotFound": 0, "KnitroLicenseNotFound": 0, "SDPCutsGenerationTime": 0, "finishedBeforeReading": 0, "CallsToNonLinearSolver": 16, "NumberOfRLTSolvedNodes": 9451, "NumberOfSDPConstraints": 0, "NumberOfSDPSolvedNodes": 0, "NumberOfSOCPSolvedNodes": 0, "PercentageOfBindingSOCC": 0, "LinearPostProcessingTime": 11.0376, "CallsToNonLinearSolverInt": 0, "LinearSolvingTimeBySolver": 121.156, "NodesDiscardedByFathoming": 0, "NodesDiscardedByTolerance": 0, "finishedBeforeLinearizing": 0, "BoundFactorConstraintsTime": 136.971, "meanBTRelativeChangeRootNode": 0, "NumberOfChangesFromConicToRLT": 0, "NumberOfBoundFactorConstraints": 10560, "PercentageOfOBBTSolvedProblems": 0, "NumberOfLAPACKConvergenceFailures": 0, "PercentageOfBindingSDPConstraints": 0, "NumberOfRLTVariablesAfterLinearization": 2640}