{"Itbt": 0, "Pace": 26.287, "Depth": 48, "Degree": 2, "RPSTime": 76.0584, "FBBTTime": 0, "OBBTTime": 0, "TotalTime": 599.272, "Iterations": 54196, "LinearTime": 447.234, "LowerBound": 933.654, "TimeVector": [], "UpperBound": 1358.66, "rootBTTime": 0, "LowerBounds": {}, "SolveResult": 402, "UpperBounds": {}, "MaxQueueSize": 51819, "NumberOfSOCC": 0, "VisitedNodes": 108393, "NonLinearTime": 75.9421, "OptimalityGap": 425.009, "FBBTIterations": 0, "FirstLowerBound": 910.858, "InfeasibleNodes": 2211, "IntNonLinearTime": 0, "LinearSolvingTime": 307.18, "LinearizationTime": 0.00658928, "NumberOfVariables": 243, "CallsToLinearSolver": 108393, "DegreeReductionTime": 0, "FBBTPreparationTime": 0, "FirstNodeIterations": 111, "NumberOfConstraints": 233, "FirstNodeSolvingTime": 0.0189099, "LinearGenerationTime": 110.268, "MosekLicenseNotFound": 0, "GurobiLicenseNotFound": 0, "KnitroLicenseNotFound": 0, "SDPCutsGenerationTime": 0, "finishedBeforeReading": 0, "CallsToNonLinearSolver": 19, "NumberOfRLTSolvedNodes": 108393, "NumberOfSDPConstraints": 0, "NumberOfSDPSolvedNodes": 0, "NumberOfSOCPSolvedNodes": 0, "PercentageOfBindingSOCC": 0, "LinearPostProcessingTime": 17.2722, "CallsToNonLinearSolverInt": 0, "LinearSolvingTimeBySolver": 297.492, "NodesDiscardedByFathoming": 0, "NodesDiscardedByTolerance": 167, "finishedBeforeLinearizing": 0, "BoundFactorConstraintsTime": 37.19, "meanBTRelativeChangeRootNode": 0, "NumberOfChangesFromConicToRLT": 0, "NumberOfBoundFactorConstraints": 504, "PercentageOfOBBTSolvedProblems": 0, "NumberOfLAPACKConvergenceFailures": 0, "PercentageOfBindingSDPConstraints": 0, "NumberOfRLTVariablesAfterLinearization": 126}