{"Itbt": 0, "Pace": 4.81664, "Depth": 79, "Degree": 2, "RPSTime": 147.632, "FBBTTime": 0, "OBBTTime": 0, "TotalTime": 600.029, "Iterations": 38950, "LinearTime": 450.903, "LowerBound": 124.567, "TimeVector": [], "UpperBound": 312.922, "rootBTTime": 0, "LowerBounds": {}, "SolveResult": 402, "UpperBounds": {}, "MaxQueueSize": 9953, "NumberOfSOCC": 0, "VisitedNodes": 77901, "NonLinearTime": 1.45999, "OptimalityGap": 188.354, "FBBTIterations": 0, "FirstLowerBound": 0, "InfeasibleNodes": 28998, "IntNonLinearTime": 0, "LinearSolvingTime": 286.415, "LinearizationTime": 0.0268454, "NumberOfVariables": 132, "CallsToLinearSolver": 77901, "DegreeReductionTime": 0, "FBBTPreparationTime": 0, "FirstNodeIterations": 73, "NumberOfConstraints": 84, "FirstNodeSolvingTime": 0.00667222, "LinearGenerationTime": 133.096, "MosekLicenseNotFound": 0, "GurobiLicenseNotFound": 0, "KnitroLicenseNotFound": 0, "SDPCutsGenerationTime": 0, "finishedBeforeReading": 0, "CallsToNonLinearSolver": 19, "NumberOfRLTSolvedNodes": 77901, "NumberOfSDPConstraints": 0, "NumberOfSDPSolvedNodes": 0, "NumberOfSOCPSolvedNodes": 0, "PercentageOfBindingSOCC": 0, "LinearPostProcessingTime": 11.2754, "CallsToNonLinearSolverInt": 0, "LinearSolvingTimeBySolver": 277.86, "NodesDiscardedByFathoming": 0, "NodesDiscardedByTolerance": 0, "finishedBeforeLinearizing": 0, "BoundFactorConstraintsTime": 85.1287, "meanBTRelativeChangeRootNode": 0, "NumberOfChangesFromConicToRLT": 0, "NumberOfBoundFactorConstraints": 1152, "PercentageOfOBBTSolvedProblems": 0, "NumberOfLAPACKConvergenceFailures": 0, "PercentageOfBindingSDPConstraints": 0, "NumberOfRLTVariablesAfterLinearization": 288}