{"Itbt": 0, "Pace": 3.6632, "Depth": 27, "Degree": 2, "RPSTime": 39.8813, "FBBTTime": 0, "OBBTTime": 0, "TotalTime": 598.682, "Iterations": 1112, "LinearTime": 512.76, "LowerBound": 459.891, "TimeVector": [], "UpperBound": 1285.01, "rootBTTime": 0, "LowerBounds": {}, "SolveResult": 402, "UpperBounds": {}, "MaxQueueSize": 457, "NumberOfSOCC": 0, "VisitedNodes": 2225, "NonLinearTime": 45.8988, "OptimalityGap": 825.115, "FBBTIterations": 0, "FirstLowerBound": 296.46, "InfeasibleNodes": 656, "IntNonLinearTime": 0, "LinearSolvingTime": 481.056, "LinearizationTime": 1.14934, "NumberOfVariables": 662, "CallsToLinearSolver": 2225, "DegreeReductionTime": 0, "FBBTPreparationTime": 0, "FirstNodeIterations": 2650, "NumberOfConstraints": 244, "FirstNodeSolvingTime": 0.289029, "LinearGenerationTime": 24.3151, "MosekLicenseNotFound": 0, "GurobiLicenseNotFound": 0, "KnitroLicenseNotFound": 0, "SDPCutsGenerationTime": 0, "finishedBeforeReading": 0, "CallsToNonLinearSolver": 14, "NumberOfRLTSolvedNodes": 2225, "NumberOfSDPConstraints": 0, "NumberOfSDPSolvedNodes": 0, "NumberOfSOCPSolvedNodes": 0, "PercentageOfBindingSOCC": 0, "LinearPostProcessingTime": 2.18801, "CallsToNonLinearSolverInt": 0, "LinearSolvingTimeBySolver": 480.31, "NodesDiscardedByFathoming": 0, "NodesDiscardedByTolerance": 0, "finishedBeforeLinearizing": 0, "BoundFactorConstraintsTime": 29.1476, "meanBTRelativeChangeRootNode": 0, "NumberOfChangesFromConicToRLT": 0, "NumberOfBoundFactorConstraints": 7392, "PercentageOfOBBTSolvedProblems": 0, "NumberOfLAPACKConvergenceFailures": 0, "PercentageOfBindingSDPConstraints": 0, "NumberOfRLTVariablesAfterLinearization": 1848}