{"Itbt": 0, "Pace": 600000, "Depth": 56, "Degree": 2, "RPSTime": 222.218, "FBBTTime": 0, "OBBTTime": 0, "TotalTime": 600.002, "Iterations": 8342, "LinearTime": 356.599, "LowerBound": 0, "TimeVector": [], "UpperBound": 638.735, "rootBTTime": 0, "LowerBounds": {}, "SolveResult": 402, "UpperBounds": {}, "MaxQueueSize": 1131, "NumberOfSOCC": 0, "VisitedNodes": 16685, "NonLinearTime": 21.0604, "OptimalityGap": 638.735, "FBBTIterations": 0, "FirstLowerBound": 0, "InfeasibleNodes": 7212, "IntNonLinearTime": 0, "LinearSolvingTime": 125.936, "LinearizationTime": 1.03732, "NumberOfVariables": 660, "CallsToLinearSolver": 16685, "DegreeReductionTime": 0, "FBBTPreparationTime": 0, "FirstNodeIterations": 214, "NumberOfConstraints": 200, "FirstNodeSolvingTime": 0.0364368, "LinearGenerationTime": 171.782, "MosekLicenseNotFound": 0, "GurobiLicenseNotFound": 0, "KnitroLicenseNotFound": 0, "SDPCutsGenerationTime": 0, "finishedBeforeReading": 0, "CallsToNonLinearSolver": 17, "NumberOfRLTSolvedNodes": 16685, "NumberOfSDPConstraints": 0, "NumberOfSDPSolvedNodes": 0, "NumberOfSOCPSolvedNodes": 0, "PercentageOfBindingSOCC": 0, "LinearPostProcessingTime": 13.5531, "CallsToNonLinearSolverInt": 0, "LinearSolvingTimeBySolver": 120.866, "NodesDiscardedByFathoming": 0, "NodesDiscardedByTolerance": 0, "finishedBeforeLinearizing": 0, "BoundFactorConstraintsTime": 139.397, "meanBTRelativeChangeRootNode": 0, "NumberOfChangesFromConicToRLT": 0, "NumberOfBoundFactorConstraints": 7040, "PercentageOfOBBTSolvedProblems": 0, "NumberOfLAPACKConvergenceFailures": 0, "PercentageOfBindingSDPConstraints": 0, "NumberOfRLTVariablesAfterLinearization": 1760}