{"Itbt": 0, "Pace": 9.31759, "Depth": 153, "Degree": 2, "RPSTime": 91.1689, "FBBTTime": 0, "OBBTTime": 0, "TotalTime": 599.639, "Iterations": 4999, "LinearTime": 491.286, "LowerBound": 64.3546, "TimeVector": [], "UpperBound": 784.273, "rootBTTime": 0, "LowerBounds": {}, "SolveResult": 402, "UpperBounds": {}, "MaxQueueSize": 691, "NumberOfSOCC": 0, "VisitedNodes": 9999, "NonLinearTime": 17.1284, "OptimalityGap": 719.918, "FBBTIterations": 0, "FirstLowerBound": 0, "InfeasibleNodes": 4472, "IntNonLinearTime": 0, "LinearSolvingTime": 403.86, "LinearizationTime": 0.449432, "NumberOfVariables": 479, "CallsToLinearSolver": 9999, "DegreeReductionTime": 0, "FBBTPreparationTime": 0, "FirstNodeIterations": 516, "NumberOfConstraints": 177, "FirstNodeSolvingTime": 0.0438975, "LinearGenerationTime": 67.4737, "MosekLicenseNotFound": 0, "GurobiLicenseNotFound": 0, "KnitroLicenseNotFound": 0, "SDPCutsGenerationTime": 0, "finishedBeforeReading": 0, "CallsToNonLinearSolver": 16, "NumberOfRLTSolvedNodes": 9999, "NumberOfSDPConstraints": 0, "NumberOfSDPSolvedNodes": 0, "NumberOfSOCPSolvedNodes": 0, "PercentageOfBindingSOCC": 0, "LinearPostProcessingTime": 5.66291, "CallsToNonLinearSolverInt": 0, "LinearSolvingTimeBySolver": 401.402, "NodesDiscardedByFathoming": 0, "NodesDiscardedByTolerance": 0, "finishedBeforeLinearizing": 0, "BoundFactorConstraintsTime": 60.6504, "meanBTRelativeChangeRootNode": 0, "NumberOfChangesFromConicToRLT": 0, "NumberOfBoundFactorConstraints": 4680, "PercentageOfOBBTSolvedProblems": 0, "NumberOfLAPACKConvergenceFailures": 0, "PercentageOfBindingSDPConstraints": 0, "NumberOfRLTVariablesAfterLinearization": 1170}