{"Itbt": 0, "Pace": 329.564, "Depth": 38, "Degree": 2, "RPSTime": 116.085, "FBBTTime": 0, "OBBTTime": 0, "TotalTime": 600.018, "Iterations": 50014, "LinearTime": 482.267, "LowerBound": 253.021, "TimeVector": [], "UpperBound": 511.527, "rootBTTime": 0, "LowerBounds": {}, "SolveResult": 402, "UpperBounds": {}, "MaxQueueSize": 22440, "NumberOfSOCC": 0, "VisitedNodes": 100029, "NonLinearTime": 1.62948, "OptimalityGap": 258.506, "FBBTIterations": 0, "FirstLowerBound": 251.201, "InfeasibleNodes": 27575, "IntNonLinearTime": 0, "LinearSolvingTime": 316.478, "LinearizationTime": 0.0150097, "NumberOfVariables": 136, "CallsToLinearSolver": 100029, "DegreeReductionTime": 0, "FBBTPreparationTime": 0, "FirstNodeIterations": 241, "NumberOfConstraints": 80, "FirstNodeSolvingTime": 0.00901112, "LinearGenerationTime": 134.793, "MosekLicenseNotFound": 0, "GurobiLicenseNotFound": 0, "KnitroLicenseNotFound": 0, "SDPCutsGenerationTime": 0, "finishedBeforeReading": 0, "CallsToNonLinearSolver": 19, "NumberOfRLTSolvedNodes": 100029, "NumberOfSDPConstraints": 0, "NumberOfSDPSolvedNodes": 0, "NumberOfSOCPSolvedNodes": 0, "PercentageOfBindingSOCC": 0, "LinearPostProcessingTime": 13.061, "CallsToNonLinearSolverInt": 0, "LinearSolvingTimeBySolver": 306.653, "NodesDiscardedByFathoming": 0, "NodesDiscardedByTolerance": 0, "finishedBeforeLinearizing": 0, "BoundFactorConstraintsTime": 65.3851, "meanBTRelativeChangeRootNode": 0, "NumberOfChangesFromConicToRLT": 0, "NumberOfBoundFactorConstraints": 864, "PercentageOfOBBTSolvedProblems": 0, "NumberOfLAPACKConvergenceFailures": 0, "PercentageOfBindingSDPConstraints": 0, "NumberOfRLTVariablesAfterLinearization": 216}