{"Itbt": 0, "Pace": 598814, "Depth": 5130, "Degree": 2, "RPSTime": 88.0866, "FBBTTime": 0, "OBBTTime": 0, "TotalTime": 598.814, "Iterations": 29350, "LinearTime": 420.589, "LowerBound": 648, "TimeVector": [], "UpperBound": 1205.44, "rootBTTime": 0, "LowerBounds": {}, "SolveResult": 402, "UpperBounds": {}, "MaxQueueSize": 28999, "NumberOfSOCC": 0, "VisitedNodes": 58701, "NonLinearTime": 90.0759, "OptimalityGap": 557.442, "FBBTIterations": 0, "FirstLowerBound": 648, "InfeasibleNodes": 351, "IntNonLinearTime": 0, "LinearSolvingTime": 283.865, "LinearizationTime": 0.0207917, "NumberOfVariables": 516, "CallsToLinearSolver": 58701, "DegreeReductionTime": 0, "FBBTPreparationTime": 0, "FirstNodeIterations": 170, "NumberOfConstraints": 407, "FirstNodeSolvingTime": 0.0107741, "LinearGenerationTime": 106.701, "MosekLicenseNotFound": 0, "GurobiLicenseNotFound": 0, "KnitroLicenseNotFound": 0, "SDPCutsGenerationTime": 0, "finishedBeforeReading": 0, "CallsToNonLinearSolver": 18, "NumberOfRLTSolvedNodes": 58701, "NumberOfSDPConstraints": 0, "NumberOfSDPSolvedNodes": 0, "NumberOfSOCPSolvedNodes": 0, "PercentageOfBindingSOCC": 0, "LinearPostProcessingTime": 18.5244, "CallsToNonLinearSolverInt": 0, "LinearSolvingTimeBySolver": 277.095, "NodesDiscardedByFathoming": 0, "NodesDiscardedByTolerance": 1, "finishedBeforeLinearizing": 0, "BoundFactorConstraintsTime": 49.9544, "meanBTRelativeChangeRootNode": 0, "NumberOfChangesFromConicToRLT": 0, "NumberOfBoundFactorConstraints": 880, "PercentageOfOBBTSolvedProblems": 0, "NumberOfLAPACKConvergenceFailures": 0, "PercentageOfBindingSDPConstraints": 0, "NumberOfRLTVariablesAfterLinearization": 220}