{"Itbt": 0, "Pace": 600000, "Depth": 23, "Degree": 2, "RPSTime": 118.811, "FBBTTime": 0, "OBBTTime": 0, "TotalTime": 600.057, "Iterations": 23434, "LinearTime": 457.205, "LowerBound": 5, "TimeVector": [], "UpperBound": 11.8408, "rootBTTime": 0, "LowerBounds": {}, "SolveResult": 402, "UpperBounds": {}, "MaxQueueSize": 21301, "NumberOfSOCC": 0, "VisitedNodes": 46869, "NonLinearTime": 23.9936, "OptimalityGap": 6.84085, "FBBTIterations": 0, "FirstLowerBound": 5, "InfeasibleNodes": 2133, "IntNonLinearTime": 0, "LinearSolvingTime": 286.416, "LinearizationTime": 0.0300019, "NumberOfVariables": 25, "CallsToLinearSolver": 46869, "DegreeReductionTime": 0, "FBBTPreparationTime": 0, "FirstNodeIterations": 168, "NumberOfConstraints": 474, "FirstNodeSolvingTime": 0.0122061, "LinearGenerationTime": 147.071, "MosekLicenseNotFound": 0, "GurobiLicenseNotFound": 0, "KnitroLicenseNotFound": 0, "SDPCutsGenerationTime": 0, "finishedBeforeReading": 0, "CallsToNonLinearSolver": 34, "NumberOfRLTSolvedNodes": 46869, "NumberOfSDPConstraints": 0, "NumberOfSDPSolvedNodes": 0, "NumberOfSOCPSolvedNodes": 0, "PercentageOfBindingSOCC": 0, "LinearPostProcessingTime": 11.559, "CallsToNonLinearSolverInt": 0, "LinearSolvingTimeBySolver": 279.187, "NodesDiscardedByFathoming": 0, "NodesDiscardedByTolerance": 1, "finishedBeforeLinearizing": 0, "BoundFactorConstraintsTime": 64.5632, "meanBTRelativeChangeRootNode": 0, "NumberOfChangesFromConicToRLT": 0, "NumberOfBoundFactorConstraints": 1008, "PercentageOfOBBTSolvedProblems": 0, "NumberOfLAPACKConvergenceFailures": 0, "PercentageOfBindingSDPConstraints": 0, "NumberOfRLTVariablesAfterLinearization": 258}