{"Itbt": 0, "Pace": 39.1678, "Depth": 83, "Degree": 2, "RPSTime": 80.053, "FBBTTime": 0, "OBBTTime": 0, "TotalTime": 600.017, "Iterations": 9312, "LinearTime": 510.101, "LowerBound": 148.932, "TimeVector": [], "UpperBound": 662.807, "rootBTTime": 0, "LowerBounds": {}, "SolveResult": 402, "UpperBounds": {}, "MaxQueueSize": 1031, "NumberOfSOCC": 0, "VisitedNodes": 18625, "NonLinearTime": 9.83412, "OptimalityGap": 513.875, "FBBTIterations": 0, "FirstLowerBound": 133.614, "InfeasibleNodes": 8282, "IntNonLinearTime": 0, "LinearSolvingTime": 420.509, "LinearizationTime": 0.149576, "NumberOfVariables": 320, "CallsToLinearSolver": 18625, "DegreeReductionTime": 0, "FBBTPreparationTime": 0, "FirstNodeIterations": 804, "NumberOfConstraints": 136, "FirstNodeSolvingTime": 0.0366913, "LinearGenerationTime": 71.4584, "MosekLicenseNotFound": 0, "GurobiLicenseNotFound": 0, "KnitroLicenseNotFound": 0, "SDPCutsGenerationTime": 0, "finishedBeforeReading": 0, "CallsToNonLinearSolver": 17, "NumberOfRLTSolvedNodes": 18625, "NumberOfSDPConstraints": 0, "NumberOfSDPSolvedNodes": 0, "NumberOfSOCPSolvedNodes": 0, "PercentageOfBindingSOCC": 0, "LinearPostProcessingTime": 5.68479, "CallsToNonLinearSolverInt": 0, "LinearSolvingTimeBySolver": 416.806, "NodesDiscardedByFathoming": 0, "NodesDiscardedByTolerance": 0, "finishedBeforeLinearizing": 0, "BoundFactorConstraintsTime": 46.6719, "meanBTRelativeChangeRootNode": 0, "NumberOfChangesFromConicToRLT": 0, "NumberOfBoundFactorConstraints": 2700, "PercentageOfOBBTSolvedProblems": 0, "NumberOfLAPACKConvergenceFailures": 0, "PercentageOfBindingSDPConstraints": 0, "NumberOfRLTVariablesAfterLinearization": 675}