{"Itbt": 0, "Pace": 600000, "Depth": 18, "Degree": 2, "RPSTime": 113.224, "FBBTTime": 0, "OBBTTime": 0, "TotalTime": 600.016, "Iterations": 82898, "LinearTime": 484.377, "LowerBound": 0, "TimeVector": [], "UpperBound": 3.39632, "rootBTTime": 0, "LowerBounds": {}, "SolveResult": 402, "UpperBounds": {}, "MaxQueueSize": 47158, "NumberOfSOCC": 0, "VisitedNodes": 165797, "NonLinearTime": 2.39121, "OptimalityGap": 3.39632, "FBBTIterations": 0, "FirstLowerBound": 0, "InfeasibleNodes": 35543, "IntNonLinearTime": 0, "LinearSolvingTime": 310.364, "LinearizationTime": 0.00483475, "NumberOfVariables": 158, "CallsToLinearSolver": 165797, "DegreeReductionTime": 0, "FBBTPreparationTime": 0, "FirstNodeIterations": 114, "NumberOfConstraints": 172, "FirstNodeSolvingTime": 0.00629448, "LinearGenerationTime": 140.965, "MosekLicenseNotFound": 0, "GurobiLicenseNotFound": 0, "KnitroLicenseNotFound": 0, "SDPCutsGenerationTime": 0, "finishedBeforeReading": 0, "CallsToNonLinearSolver": 20, "NumberOfRLTSolvedNodes": 165797, "NumberOfSDPConstraints": 0, "NumberOfSDPSolvedNodes": 0, "NumberOfSOCPSolvedNodes": 0, "PercentageOfBindingSOCC": 0, "LinearPostProcessingTime": 16.6325, "CallsToNonLinearSolverInt": 0, "LinearSolvingTimeBySolver": 297.964, "NodesDiscardedByFathoming": 198, "NodesDiscardedByTolerance": 0, "finishedBeforeLinearizing": 0, "BoundFactorConstraintsTime": 62.9777, "meanBTRelativeChangeRootNode": 0, "NumberOfChangesFromConicToRLT": 0, "NumberOfBoundFactorConstraints": 434, "PercentageOfOBBTSolvedProblems": 0, "NumberOfLAPACKConvergenceFailures": 0, "PercentageOfBindingSDPConstraints": 0, "NumberOfRLTVariablesAfterLinearization": 111}