{"Itbt": 0, "Pace": 600000, "Depth": 21, "Degree": 2, "RPSTime": 162.611, "FBBTTime": 0, "OBBTTime": 0, "TotalTime": 600.019, "Iterations": 12889, "LinearTime": 430.341, "LowerBound": 0, "TimeVector": [], "UpperBound": 590.238, "rootBTTime": 0, "LowerBounds": {}, "SolveResult": 402, "UpperBounds": {}, "MaxQueueSize": 4941, "NumberOfSOCC": 0, "VisitedNodes": 25779, "NonLinearTime": 7.01933, "OptimalityGap": 590.238, "FBBTIterations": 0, "FirstLowerBound": 0, "InfeasibleNodes": 7949, "IntNonLinearTime": 0, "LinearSolvingTime": 244.506, "LinearizationTime": 0.28714, "NumberOfVariables": 485, "CallsToLinearSolver": 25779, "DegreeReductionTime": 0, "FBBTPreparationTime": 0, "FirstNodeIterations": 452, "NumberOfConstraints": 148, "FirstNodeSolvingTime": 0.0382027, "LinearGenerationTime": 140.14, "MosekLicenseNotFound": 0, "GurobiLicenseNotFound": 0, "KnitroLicenseNotFound": 0, "SDPCutsGenerationTime": 0, "finishedBeforeReading": 0, "CallsToNonLinearSolver": 17, "NumberOfRLTSolvedNodes": 25779, "NumberOfSDPConstraints": 0, "NumberOfSDPSolvedNodes": 0, "NumberOfSOCPSolvedNodes": 0, "PercentageOfBindingSOCC": 0, "LinearPostProcessingTime": 14.615, "CallsToNonLinearSolverInt": 0, "LinearSolvingTimeBySolver": 238.484, "NodesDiscardedByFathoming": 0, "NodesDiscardedByTolerance": 0, "finishedBeforeLinearizing": 0, "BoundFactorConstraintsTime": 95.5455, "meanBTRelativeChangeRootNode": 0, "NumberOfChangesFromConicToRLT": 0, "NumberOfBoundFactorConstraints": 3744, "PercentageOfOBBTSolvedProblems": 0, "NumberOfLAPACKConvergenceFailures": 0, "PercentageOfBindingSDPConstraints": 0, "NumberOfRLTVariablesAfterLinearization": 936}