{"Itbt": 0, "Pace": 2.36435, "Depth": 18841, "Degree": 2, "RPSTime": 71.3594, "FBBTTime": 0, "OBBTTime": 0, "TotalTime": 600.015, "Iterations": 96053, "LinearTime": 521.304, "LowerBound": 478.768, "TimeVector": [], "UpperBound": 586.68, "rootBTTime": 0, "LowerBounds": {}, "SolveResult": 402, "UpperBounds": {}, "MaxQueueSize": 59655, "NumberOfSOCC": 0, "VisitedNodes": 192107, "NonLinearTime": 7.3283, "OptimalityGap": 107.912, "FBBTIterations": 0, "FirstLowerBound": 225, "InfeasibleNodes": 9402, "IntNonLinearTime": 0, "LinearSolvingTime": 388.348, "LinearizationTime": 0.00159914, "NumberOfVariables": 155, "CallsToLinearSolver": 192107, "DegreeReductionTime": 0, "FBBTPreparationTime": 0, "FirstNodeIterations": 54, "NumberOfConstraints": 137, "FirstNodeSolvingTime": 0.0178692, "LinearGenerationTime": 105.755, "MosekLicenseNotFound": 0, "GurobiLicenseNotFound": 0, "KnitroLicenseNotFound": 0, "SDPCutsGenerationTime": 0, "finishedBeforeReading": 0, "CallsToNonLinearSolver": 20, "NumberOfRLTSolvedNodes": 192107, "NumberOfSDPConstraints": 0, "NumberOfSDPSolvedNodes": 0, "NumberOfSOCPSolvedNodes": 0, "PercentageOfBindingSOCC": 0, "LinearPostProcessingTime": 16.2918, "CallsToNonLinearSolverInt": 0, "LinearSolvingTimeBySolver": 375.289, "NodesDiscardedByFathoming": 0, "NodesDiscardedByTolerance": 26997, "finishedBeforeLinearizing": 0, "BoundFactorConstraintsTime": 32.5754, "meanBTRelativeChangeRootNode": 0, "NumberOfChangesFromConicToRLT": 0, "NumberOfBoundFactorConstraints": 240, "PercentageOfOBBTSolvedProblems": 0, "NumberOfLAPACKConvergenceFailures": 0, "PercentageOfBindingSDPConstraints": 0, "NumberOfRLTVariablesAfterLinearization": 60}