{"Itbt": 0, "Pace": 19.4556, "Depth": 76, "Degree": 2, "RPSTime": 112.337, "FBBTTime": 0, "OBBTTime": 0, "TotalTime": 599.939, "Iterations": 44923, "LinearTime": 483.674, "LowerBound": 289.113, "TimeVector": [], "UpperBound": 403.196, "rootBTTime": 0, "LowerBounds": {}, "SolveResult": 402, "UpperBounds": {}, "MaxQueueSize": 10927, "NumberOfSOCC": 0, "VisitedNodes": 89847, "NonLinearTime": 2.90998, "OptimalityGap": 114.083, "FBBTIterations": 0, "FirstLowerBound": 258.277, "InfeasibleNodes": 33997, "IntNonLinearTime": 0, "LinearSolvingTime": 332.038, "LinearizationTime": 0.0155292, "NumberOfVariables": 170, "CallsToLinearSolver": 89847, "DegreeReductionTime": 0, "FBBTPreparationTime": 0, "FirstNodeIterations": 306, "NumberOfConstraints": 83, "FirstNodeSolvingTime": 0.0103145, "LinearGenerationTime": 124.372, "MosekLicenseNotFound": 0, "GurobiLicenseNotFound": 0, "KnitroLicenseNotFound": 0, "SDPCutsGenerationTime": 0, "finishedBeforeReading": 0, "CallsToNonLinearSolver": 19, "NumberOfRLTSolvedNodes": 89847, "NumberOfSDPConstraints": 0, "NumberOfSDPSolvedNodes": 0, "NumberOfSOCPSolvedNodes": 0, "PercentageOfBindingSOCC": 0, "LinearPostProcessingTime": 10.7326, "CallsToNonLinearSolverInt": 0, "LinearSolvingTimeBySolver": 322.606, "NodesDiscardedByFathoming": 0, "NodesDiscardedByTolerance": 0, "finishedBeforeLinearizing": 0, "BoundFactorConstraintsTime": 63.2886, "meanBTRelativeChangeRootNode": 0, "NumberOfChangesFromConicToRLT": 0, "NumberOfBoundFactorConstraints": 880, "PercentageOfOBBTSolvedProblems": 0, "NumberOfLAPACKConvergenceFailures": 0, "PercentageOfBindingSDPConstraints": 0, "NumberOfRLTVariablesAfterLinearization": 220}