{"Itbt": 0, "Pace": 33.9339, "Depth": 40, "Degree": 2, "RPSTime": 69.2297, "FBBTTime": 0, "OBBTTime": 0, "TotalTime": 600.011, "Iterations": 8495, "LinearTime": 521.569, "LowerBound": 250.104, "TimeVector": [], "UpperBound": 556.675, "rootBTTime": 0, "LowerBounds": {}, "SolveResult": 402, "UpperBounds": {}, "MaxQueueSize": 4570, "NumberOfSOCC": 0, "VisitedNodes": 16991, "NonLinearTime": 9.18204, "OptimalityGap": 306.572, "FBBTIterations": 0, "FirstLowerBound": 232.423, "InfeasibleNodes": 3926, "IntNonLinearTime": 0, "LinearSolvingTime": 447.522, "LinearizationTime": 0.107965, "NumberOfVariables": 424, "CallsToLinearSolver": 16991, "DegreeReductionTime": 0, "FBBTPreparationTime": 0, "FirstNodeIterations": 927, "NumberOfConstraints": 128, "FirstNodeSolvingTime": 0.0489585, "LinearGenerationTime": 58.7733, "MosekLicenseNotFound": 0, "GurobiLicenseNotFound": 0, "KnitroLicenseNotFound": 0, "SDPCutsGenerationTime": 0, "finishedBeforeReading": 0, "CallsToNonLinearSolver": 17, "NumberOfRLTSolvedNodes": 16991, "NumberOfSDPConstraints": 0, "NumberOfSDPSolvedNodes": 0, "NumberOfSOCPSolvedNodes": 0, "PercentageOfBindingSOCC": 0, "LinearPostProcessingTime": 6.61636, "CallsToNonLinearSolverInt": 0, "LinearSolvingTimeBySolver": 444.548, "NodesDiscardedByFathoming": 0, "NodesDiscardedByTolerance": 0, "finishedBeforeLinearizing": 0, "BoundFactorConstraintsTime": 43.2676, "meanBTRelativeChangeRootNode": 0, "NumberOfChangesFromConicToRLT": 0, "NumberOfBoundFactorConstraints": 2304, "PercentageOfOBBTSolvedProblems": 0, "NumberOfLAPACKConvergenceFailures": 0, "PercentageOfBindingSDPConstraints": 0, "NumberOfRLTVariablesAfterLinearization": 576}