{"Itbt": 0, "Pace": 5.92253, "Depth": 38, "Degree": 2, "RPSTime": 144.399, "FBBTTime": 0, "OBBTTime": 0, "TotalTime": 600.016, "Iterations": 16300, "LinearTime": 442.071, "LowerBound": -698.546, "TimeVector": [], "UpperBound": -689.161, "rootBTTime": 0, "LowerBounds": {}, "SolveResult": 402, "UpperBounds": {}, "MaxQueueSize": 9997, "NumberOfSOCC": 0, "VisitedNodes": 32601, "NonLinearTime": 13.5111, "OptimalityGap": 9.38553, "FBBTIterations": 0, "FirstLowerBound": -799.853, "InfeasibleNodes": 5900, "IntNonLinearTime": 0, "LinearSolvingTime": 324.574, "LinearizationTime": 0.0513749, "NumberOfVariables": 208, "CallsToLinearSolver": 32601, "DegreeReductionTime": 0, "FBBTPreparationTime": 0, "FirstNodeIterations": 514, "NumberOfConstraints": 412, "FirstNodeSolvingTime": 0.0182313, "LinearGenerationTime": 96.8296, "MosekLicenseNotFound": 0, "GurobiLicenseNotFound": 0, "KnitroLicenseNotFound": 0, "SDPCutsGenerationTime": 0, "finishedBeforeReading": 0, "CallsToNonLinearSolver": 17, "NumberOfRLTSolvedNodes": 32601, "NumberOfSDPConstraints": 0, "NumberOfSDPSolvedNodes": 0, "NumberOfSOCPSolvedNodes": 0, "PercentageOfBindingSOCC": 0, "LinearPostProcessingTime": 9.70977, "CallsToNonLinearSolverInt": 0, "LinearSolvingTimeBySolver": 319.078, "NodesDiscardedByFathoming": 0, "NodesDiscardedByTolerance": 404, "finishedBeforeLinearizing": 0, "BoundFactorConstraintsTime": 102.995, "meanBTRelativeChangeRootNode": 0, "NumberOfChangesFromConicToRLT": 0, "NumberOfBoundFactorConstraints": 1440, "PercentageOfOBBTSolvedProblems": 0, "NumberOfLAPACKConvergenceFailures": 0, "PercentageOfBindingSDPConstraints": 0, "NumberOfRLTVariablesAfterLinearization": 360}