{"Itbt": 0, "Pace": 0.920414, "Depth": 109, "Degree": 2, "RPSTime": 59.9126, "FBBTTime": 0, "OBBTTime": 0, "TotalTime": 600.073, "Iterations": 7842, "LinearTime": 539.541, "LowerBound": 3067.89, "TimeVector": [], "UpperBound": 3308.11, "rootBTTime": 0, "LowerBounds": {}, "SolveResult": 402, "UpperBounds": {}, "MaxQueueSize": 4728, "NumberOfSOCC": 0, "VisitedNodes": 15685, "NonLinearTime": 0.606407, "OptimalityGap": 240.214, "FBBTIterations": 0, "FirstLowerBound": 2416.01, "InfeasibleNodes": 0, "IntNonLinearTime": 0, "LinearSolvingTime": 483.079, "LinearizationTime": 0.0498206, "NumberOfVariables": 28, "CallsToLinearSolver": 15685, "DegreeReductionTime": 0, "FBBTPreparationTime": 0, "FirstNodeIterations": 1068, "NumberOfConstraints": 9, "FirstNodeSolvingTime": 0.0543929, "LinearGenerationTime": 40.9735, "MosekLicenseNotFound": 0, "GurobiLicenseNotFound": 0, "KnitroLicenseNotFound": 0, "SDPCutsGenerationTime": 0, "finishedBeforeReading": 0, "CallsToNonLinearSolver": 16, "NumberOfRLTSolvedNodes": 15685, "NumberOfSDPConstraints": 0, "NumberOfSDPSolvedNodes": 0, "NumberOfSOCPSolvedNodes": 0, "PercentageOfBindingSOCC": 0, "LinearPostProcessingTime": 5.16362, "CallsToNonLinearSolverInt": 0, "LinearSolvingTimeBySolver": 480.291, "NodesDiscardedByFathoming": 0, "NodesDiscardedByTolerance": 3115, "finishedBeforeLinearizing": 0, "BoundFactorConstraintsTime": 48.8218, "meanBTRelativeChangeRootNode": 0, "NumberOfChangesFromConicToRLT": 0, "NumberOfBoundFactorConstraints": 1596, "PercentageOfOBBTSolvedProblems": 0, "NumberOfLAPACKConvergenceFailures": 0, "PercentageOfBindingSDPConstraints": 0, "NumberOfRLTVariablesAfterLinearization": 406}