{"Itbt": 0, "Pace": 1.25643, "Depth": 129, "Degree": 2, "RPSTime": 65.538, "FBBTTime": 0, "OBBTTime": 0, "TotalTime": 600.021, "Iterations": 22501, "LinearTime": 534.16, "LowerBound": 1752.08, "TimeVector": [], "UpperBound": 1833.29, "rootBTTime": 0, "LowerBounds": {}, "SolveResult": 402, "UpperBounds": {}, "MaxQueueSize": 13426, "NumberOfSOCC": 0, "VisitedNodes": 45003, "NonLinearTime": 0.31036, "OptimalityGap": 81.2088, "FBBTIterations": 0, "FirstLowerBound": 1274.54, "InfeasibleNodes": 8716, "IntNonLinearTime": 0, "LinearSolvingTime": 459.165, "LinearizationTime": 0.0125466, "NumberOfVariables": 28, "CallsToLinearSolver": 45003, "DegreeReductionTime": 0, "FBBTPreparationTime": 0, "FirstNodeIterations": 546, "NumberOfConstraints": 23, "FirstNodeSolvingTime": 0.0233114, "LinearGenerationTime": 61.0948, "MosekLicenseNotFound": 0, "GurobiLicenseNotFound": 0, "KnitroLicenseNotFound": 0, "SDPCutsGenerationTime": 0, "finishedBeforeReading": 0, "CallsToNonLinearSolver": 18, "NumberOfRLTSolvedNodes": 45003, "NumberOfSDPConstraints": 0, "NumberOfSDPSolvedNodes": 0, "NumberOfSOCPSolvedNodes": 0, "PercentageOfBindingSOCC": 0, "LinearPostProcessingTime": 5.66772, "CallsToNonLinearSolverInt": 0, "LinearSolvingTimeBySolver": 452.805, "NodesDiscardedByFathoming": 0, "NodesDiscardedByTolerance": 360, "finishedBeforeLinearizing": 0, "BoundFactorConstraintsTime": 43.8117, "meanBTRelativeChangeRootNode": 0, "NumberOfChangesFromConicToRLT": 0, "NumberOfBoundFactorConstraints": 796, "PercentageOfOBBTSolvedProblems": 0, "NumberOfLAPACKConvergenceFailures": 0, "PercentageOfBindingSDPConstraints": 0, "NumberOfRLTVariablesAfterLinearization": 203}