{"Itbt": 0, "Pace": 1.38697, "Depth": 117, "Degree": 2, "RPSTime": 58.0641, "FBBTTime": 0, "OBBTTime": 0, "TotalTime": 600.015, "Iterations": 19896, "LinearTime": 541.504, "LowerBound": 2036.71, "TimeVector": [], "UpperBound": 2086.45, "rootBTTime": 0, "LowerBounds": {}, "SolveResult": 402, "UpperBounds": {}, "MaxQueueSize": 11674, "NumberOfSOCC": 0, "VisitedNodes": 39793, "NonLinearTime": 0.435357, "OptimalityGap": 49.7394, "FBBTIterations": 0, "FirstLowerBound": 1604.12, "InfeasibleNodes": 7598, "IntNonLinearTime": 0, "LinearSolvingTime": 475.764, "LinearizationTime": 0.0124556, "NumberOfVariables": 28, "CallsToLinearSolver": 39793, "DegreeReductionTime": 0, "FBBTPreparationTime": 0, "FirstNodeIterations": 548, "NumberOfConstraints": 23, "FirstNodeSolvingTime": 0.0250853, "LinearGenerationTime": 53.3182, "MosekLicenseNotFound": 0, "GurobiLicenseNotFound": 0, "KnitroLicenseNotFound": 0, "SDPCutsGenerationTime": 0, "finishedBeforeReading": 0, "CallsToNonLinearSolver": 18, "NumberOfRLTSolvedNodes": 39793, "NumberOfSDPConstraints": 0, "NumberOfSDPSolvedNodes": 0, "NumberOfSOCPSolvedNodes": 0, "PercentageOfBindingSOCC": 0, "LinearPostProcessingTime": 5.10915, "CallsToNonLinearSolverInt": 0, "LinearSolvingTimeBySolver": 470.095, "NodesDiscardedByFathoming": 0, "NodesDiscardedByTolerance": 625, "finishedBeforeLinearizing": 0, "BoundFactorConstraintsTime": 39.2593, "meanBTRelativeChangeRootNode": 0, "NumberOfChangesFromConicToRLT": 0, "NumberOfBoundFactorConstraints": 796, "PercentageOfOBBTSolvedProblems": 0, "NumberOfLAPACKConvergenceFailures": 0, "PercentageOfBindingSDPConstraints": 0, "NumberOfRLTVariablesAfterLinearization": 203}