{"Itbt": 0, "Pace": 0.659366, "Depth": 87, "Degree": 2, "RPSTime": 62.4794, "FBBTTime": 0, "OBBTTime": 0, "TotalTime": 600.022, "Iterations": 7500, "LinearTime": 537.193, "LowerBound": 3577.81, "TimeVector": [], "UpperBound": 3854.19, "rootBTTime": 0, "LowerBounds": {}, "SolveResult": 402, "UpperBounds": {}, "MaxQueueSize": 4645, "NumberOfSOCC": 0, "VisitedNodes": 15001, "NonLinearTime": 0.336214, "OptimalityGap": 276.386, "FBBTIterations": 0, "FirstLowerBound": 2667.84, "InfeasibleNodes": 2811, "IntNonLinearTime": 0, "LinearSolvingTime": 488.612, "LinearizationTime": 0.0501834, "NumberOfVariables": 28, "CallsToLinearSolver": 15001, "DegreeReductionTime": 0, "FBBTPreparationTime": 0, "FirstNodeIterations": 1031, "NumberOfConstraints": 23, "FirstNodeSolvingTime": 0.0629903, "LinearGenerationTime": 38.5567, "MosekLicenseNotFound": 0, "GurobiLicenseNotFound": 0, "KnitroLicenseNotFound": 0, "SDPCutsGenerationTime": 0, "finishedBeforeReading": 0, "CallsToNonLinearSolver": 16, "NumberOfRLTSolvedNodes": 15001, "NumberOfSDPConstraints": 0, "NumberOfSDPSolvedNodes": 0, "NumberOfSOCPSolvedNodes": 0, "PercentageOfBindingSOCC": 0, "LinearPostProcessingTime": 3.93945, "CallsToNonLinearSolverInt": 0, "LinearSolvingTimeBySolver": 485.924, "NodesDiscardedByFathoming": 0, "NodesDiscardedByTolerance": 45, "finishedBeforeLinearizing": 0, "BoundFactorConstraintsTime": 46.5436, "meanBTRelativeChangeRootNode": 0, "NumberOfChangesFromConicToRLT": 0, "NumberOfBoundFactorConstraints": 1596, "PercentageOfOBBTSolvedProblems": 0, "NumberOfLAPACKConvergenceFailures": 0, "PercentageOfBindingSDPConstraints": 0, "NumberOfRLTVariablesAfterLinearization": 406}