{"Itbt": 0, "Pace": 0.680389, "Depth": 80, "Degree": 2, "RPSTime": 58.4549, "FBBTTime": 0, "OBBTTime": 0, "TotalTime": 600.069, "Iterations": 7130, "LinearTime": 541.113, "LowerBound": 3154.1, "TimeVector": [], "UpperBound": 3435.05, "rootBTTime": 0, "LowerBounds": {}, "SolveResult": 402, "UpperBounds": {}, "MaxQueueSize": 4574, "NumberOfSOCC": 0, "VisitedNodes": 14261, "NonLinearTime": 0.487219, "OptimalityGap": 280.95, "FBBTIterations": 0, "FirstLowerBound": 2272.25, "InfeasibleNodes": 2551, "IntNonLinearTime": 0, "LinearSolvingTime": 495.15, "LinearizationTime": 0.0504273, "NumberOfVariables": 28, "CallsToLinearSolver": 14261, "DegreeReductionTime": 0, "FBBTPreparationTime": 0, "FirstNodeIterations": 967, "NumberOfConstraints": 23, "FirstNodeSolvingTime": 0.0571137, "LinearGenerationTime": 36.6327, "MosekLicenseNotFound": 0, "GurobiLicenseNotFound": 0, "KnitroLicenseNotFound": 0, "SDPCutsGenerationTime": 0, "finishedBeforeReading": 0, "CallsToNonLinearSolver": 16, "NumberOfRLTSolvedNodes": 14261, "NumberOfSDPConstraints": 0, "NumberOfSDPSolvedNodes": 0, "NumberOfSOCPSolvedNodes": 0, "PercentageOfBindingSOCC": 0, "LinearPostProcessingTime": 3.71381, "CallsToNonLinearSolverInt": 0, "LinearSolvingTimeBySolver": 492.63, "NodesDiscardedByFathoming": 0, "NodesDiscardedByTolerance": 6, "finishedBeforeLinearizing": 0, "BoundFactorConstraintsTime": 44.0873, "meanBTRelativeChangeRootNode": 0, "NumberOfChangesFromConicToRLT": 0, "NumberOfBoundFactorConstraints": 1596, "PercentageOfOBBTSolvedProblems": 0, "NumberOfLAPACKConvergenceFailures": 0, "PercentageOfBindingSDPConstraints": 0, "NumberOfRLTVariablesAfterLinearization": 406}