{"Itbt": 0, "Pace": 0.243885, "Depth": 9, "Degree": 5, "RPSTime": 31.567, "FBBTTime": 0, "OBBTTime": 0, "TotalTime": 600.027, "Iterations": 61, "LinearTime": 568.205, "LowerBound": 20076.4, "TimeVector": [], "UpperBound": 20363, "rootBTTime": 0, "LowerBounds": {}, "SolveResult": 402, "UpperBounds": {}, "MaxQueueSize": 50, "NumberOfSOCC": 0, "VisitedNodes": 123, "NonLinearTime": 0.242506, "OptimalityGap": 286.591, "FBBTIterations": 0, "FirstLowerBound": 17616.3, "InfeasibleNodes": 6, "IntNonLinearTime": 0, "LinearSolvingTime": 561.728, "LinearizationTime": 0.558275, "NumberOfVariables": 8, "CallsToLinearSolver": 123, "DegreeReductionTime": 0, "FBBTPreparationTime": 0, "FirstNodeIterations": 9778, "NumberOfConstraints": 7, "FirstNodeSolvingTime": 5.9771, "LinearGenerationTime": 5.90559, "MosekLicenseNotFound": 0, "GurobiLicenseNotFound": 0, "KnitroLicenseNotFound": 0, "SDPCutsGenerationTime": 0, "finishedBeforeReading": 0, "CallsToNonLinearSolver": 9, "NumberOfRLTSolvedNodes": 123, "NumberOfSDPConstraints": 0, "NumberOfSDPSolvedNodes": 0, "NumberOfSOCPSolvedNodes": 0, "PercentageOfBindingSOCC": 0, "LinearPostProcessingTime": 0.184184, "CallsToNonLinearSolverInt": 0, "LinearSolvingTimeBySolver": 560.303, "NodesDiscardedByFathoming": 0, "NodesDiscardedByTolerance": 6, "finishedBeforeLinearizing": 0, "BoundFactorConstraintsTime": 30.038, "meanBTRelativeChangeRootNode": 0, "NumberOfChangesFromConicToRLT": 0, "NumberOfBoundFactorConstraints": 7635, "PercentageOfOBBTSolvedProblems": 0, "NumberOfLAPACKConvergenceFailures": 0, "PercentageOfBindingSDPConstraints": 0, "NumberOfRLTVariablesAfterLinearization": 873}