{"Itbt": 0, "Pace": 0.241452, "Depth": 11, "Degree": 5, "RPSTime": 31.3252, "FBBTTime": 0, "OBBTTime": 0, "TotalTime": 600.447, "Iterations": 67, "LinearTime": 568.899, "LowerBound": 11775.4, "TimeVector": [], "UpperBound": 11959.3, "rootBTTime": 0, "LowerBounds": {}, "SolveResult": 402, "UpperBounds": {}, "MaxQueueSize": 49, "NumberOfSOCC": 0, "VisitedNodes": 135, "NonLinearTime": 0.211023, "OptimalityGap": 183.946, "FBBTIterations": 0, "FirstLowerBound": 9290.41, "InfeasibleNodes": 15, "IntNonLinearTime": 0, "LinearSolvingTime": 562.114, "LinearizationTime": 0.570855, "NumberOfVariables": 8, "CallsToLinearSolver": 135, "DegreeReductionTime": 0, "FBBTPreparationTime": 0, "FirstNodeIterations": 8141, "NumberOfConstraints": 9, "FirstNodeSolvingTime": 5.20172, "LinearGenerationTime": 6.28909, "MosekLicenseNotFound": 0, "GurobiLicenseNotFound": 0, "KnitroLicenseNotFound": 0, "SDPCutsGenerationTime": 0, "finishedBeforeReading": 0, "CallsToNonLinearSolver": 10, "NumberOfRLTSolvedNodes": 135, "NumberOfSDPConstraints": 0, "NumberOfSDPSolvedNodes": 0, "NumberOfSOCPSolvedNodes": 0, "PercentageOfBindingSOCC": 0, "LinearPostProcessingTime": 0.179017, "CallsToNonLinearSolverInt": 0, "LinearSolvingTimeBySolver": 560.64, "NodesDiscardedByFathoming": 0, "NodesDiscardedByTolerance": 5, "finishedBeforeLinearizing": 0, "BoundFactorConstraintsTime": 29.5612, "meanBTRelativeChangeRootNode": 0, "NumberOfChangesFromConicToRLT": 0, "NumberOfBoundFactorConstraints": 7666, "PercentageOfOBBTSolvedProblems": 0, "NumberOfLAPACKConvergenceFailures": 0, "PercentageOfBindingSDPConstraints": 0, "NumberOfRLTVariablesAfterLinearization": 880}