{"Itbt": 0, "Pace": 0.158393, "Depth": 10, "Degree": 5, "RPSTime": 26.8761, "FBBTTime": 0, "OBBTTime": 0, "TotalTime": 600.443, "Iterations": 59, "LinearTime": 573.311, "LowerBound": 12956.8, "TimeVector": [], "UpperBound": 13406.4, "rootBTTime": 0, "LowerBounds": {}, "SolveResult": 402, "UpperBounds": {}, "MaxQueueSize": 48, "NumberOfSOCC": 0, "VisitedNodes": 119, "NonLinearTime": 0.244353, "OptimalityGap": 449.628, "FBBTIterations": 0, "FirstLowerBound": 9168.76, "InfeasibleNodes": 2, "IntNonLinearTime": 0, "LinearSolvingTime": 567.306, "LinearizationTime": 0.560098, "NumberOfVariables": 8, "CallsToLinearSolver": 119, "DegreeReductionTime": 0, "FBBTPreparationTime": 0, "FirstNodeIterations": 7057, "NumberOfConstraints": 7, "FirstNodeSolvingTime": 12.0421, "LinearGenerationTime": 5.47869, "MosekLicenseNotFound": 0, "GurobiLicenseNotFound": 0, "KnitroLicenseNotFound": 0, "SDPCutsGenerationTime": 0, "finishedBeforeReading": 0, "CallsToNonLinearSolver": 9, "NumberOfRLTSolvedNodes": 119, "NumberOfSDPConstraints": 0, "NumberOfSDPSolvedNodes": 0, "NumberOfSOCPSolvedNodes": 0, "PercentageOfBindingSOCC": 0, "LinearPostProcessingTime": 0.17175, "CallsToNonLinearSolverInt": 0, "LinearSolvingTimeBySolver": 565.932, "NodesDiscardedByFathoming": 0, "NodesDiscardedByTolerance": 11, "finishedBeforeLinearizing": 0, "BoundFactorConstraintsTime": 25.4888, "meanBTRelativeChangeRootNode": 0, "NumberOfChangesFromConicToRLT": 0, "NumberOfBoundFactorConstraints": 7710, "PercentageOfOBBTSolvedProblems": 0, "NumberOfLAPACKConvergenceFailures": 0, "PercentageOfBindingSDPConstraints": 0, "NumberOfRLTVariablesAfterLinearization": 874}