{"Itbt": 0, "Pace": 0.303412, "Depth": 11, "Degree": 5, "RPSTime": 34.9398, "FBBTTime": 0, "OBBTTime": 0, "TotalTime": 600.571, "Iterations": 62, "LinearTime": 565.373, "LowerBound": 13565.2, "TimeVector": [], "UpperBound": 13660.4, "rootBTTime": 0, "LowerBounds": {}, "SolveResult": 402, "UpperBounds": {}, "MaxQueueSize": 27, "NumberOfSOCC": 0, "VisitedNodes": 125, "NonLinearTime": 0.245865, "OptimalityGap": 95.165, "FBBTIterations": 0, "FirstLowerBound": 11587.7, "InfeasibleNodes": 2, "IntNonLinearTime": 0, "LinearSolvingTime": 558.73, "LinearizationTime": 0.57274, "NumberOfVariables": 8, "CallsToLinearSolver": 125, "DegreeReductionTime": 0, "FBBTPreparationTime": 0, "FirstNodeIterations": 7377, "NumberOfConstraints": 5, "FirstNodeSolvingTime": 4.78066, "LinearGenerationTime": 6.01496, "MosekLicenseNotFound": 0, "GurobiLicenseNotFound": 0, "KnitroLicenseNotFound": 0, "SDPCutsGenerationTime": 0, "finishedBeforeReading": 0, "CallsToNonLinearSolver": 9, "NumberOfRLTSolvedNodes": 125, "NumberOfSDPConstraints": 0, "NumberOfSDPSolvedNodes": 0, "NumberOfSOCPSolvedNodes": 0, "PercentageOfBindingSOCC": 0, "LinearPostProcessingTime": 0.174105, "CallsToNonLinearSolverInt": 0, "LinearSolvingTimeBySolver": 557.326, "NodesDiscardedByFathoming": 0, "NodesDiscardedByTolerance": 38, "finishedBeforeLinearizing": 0, "BoundFactorConstraintsTime": 32.9538, "meanBTRelativeChangeRootNode": 0, "NumberOfChangesFromConicToRLT": 0, "NumberOfBoundFactorConstraints": 7744, "PercentageOfOBBTSolvedProblems": 0, "NumberOfLAPACKConvergenceFailures": 0, "PercentageOfBindingSDPConstraints": 0, "NumberOfRLTVariablesAfterLinearization": 874}