{"Itbt": 0, "Pace": 0.221265, "Depth": 10, "Degree": 5, "RPSTime": 33.1464, "FBBTTime": 0, "OBBTTime": 0, "TotalTime": 600.45, "Iterations": 63, "LinearTime": 566.918, "LowerBound": 16221.6, "TimeVector": [], "UpperBound": 16735.1, "rootBTTime": 0, "LowerBounds": {}, "SolveResult": 402, "UpperBounds": {}, "MaxQueueSize": 58, "NumberOfSOCC": 0, "VisitedNodes": 127, "NonLinearTime": 0.343105, "OptimalityGap": 513.52, "FBBTIterations": 0, "FirstLowerBound": 13509.9, "InfeasibleNodes": 3, "IntNonLinearTime": 0, "LinearSolvingTime": 559.829, "LinearizationTime": 0.575899, "NumberOfVariables": 8, "CallsToLinearSolver": 127, "DegreeReductionTime": 0, "FBBTPreparationTime": 0, "FirstNodeIterations": 7489, "NumberOfConstraints": 9, "FirstNodeSolvingTime": 5.11881, "LinearGenerationTime": 6.33428, "MosekLicenseNotFound": 0, "GurobiLicenseNotFound": 0, "KnitroLicenseNotFound": 0, "SDPCutsGenerationTime": 0, "finishedBeforeReading": 0, "CallsToNonLinearSolver": 9, "NumberOfRLTSolvedNodes": 127, "NumberOfSDPConstraints": 0, "NumberOfSDPSolvedNodes": 0, "NumberOfSOCPSolvedNodes": 0, "PercentageOfBindingSOCC": 0, "LinearPostProcessingTime": 0.24144, "CallsToNonLinearSolverInt": 0, "LinearSolvingTimeBySolver": 558.381, "NodesDiscardedByFathoming": 0, "NodesDiscardedByTolerance": 4, "finishedBeforeLinearizing": 0, "BoundFactorConstraintsTime": 31.7984, "meanBTRelativeChangeRootNode": 0, "NumberOfChangesFromConicToRLT": 0, "NumberOfBoundFactorConstraints": 7657, "PercentageOfOBBTSolvedProblems": 0, "NumberOfLAPACKConvergenceFailures": 0, "PercentageOfBindingSDPConstraints": 0, "NumberOfRLTVariablesAfterLinearization": 872}